1,all:my:faults,288
1,all_ends,229
1,babes_in_toyland,310
1,betty,135
1,betty_blowtorch,2137
1,bif_naked,134
1,blue_Öyster_cult,185
1,die_Ärzte,1099
1,disciple,154
1,dropkick_murphys,302
1,edguy,232
1,eluveitie,222
1,elvenking,717
1,girlschool,134
1,goldfrapp,361
1,guano_apes,151
1,horrorpops,358
1,jack_johnson,227
1,jack_off_jill,316
1,john_mayer,182
1,judas_priest,198
1,juliette_&_the_licks,706
1,l7,135
1,le_tigre,281
1,letzte_instanz,387
1,little_big_town,145
1,london_after_midnight,210
1,lunachicks,403
1,magica,545
1,maximum_the_hormone,231
1,melissa_etheridge,897
1,mutyumu,205
1,rasputina,220
1,red_hot_chili_peppers,691
1,rob_zombie,198
1,sandra_nasic,183
1,schandmaul,244
1,sleater-kinney,175
1,tanzwut,153
1,team_dresch,137
1,the_black_dahlia_murder,507
1,the_bosshoss,189
1,the_butchies,329
1,the_killers,208
1,the_murmurs,424
1,the_rolling_stones,150
1,the_wallflowers,131
1,the_who,168
1,walls_of_jericho,393
2,ai_aso,1232
2,animal_collective,1373
2,arcade_fire,1899
2,arctic_monkeys,4811
2,boris,5110
2,boris_with_merzbow,636
2,boris_with_michio_kurihara,1034
2,boys_noize,748
2,breathe_carolina,2259
2,bright_eyes,4283
2,broken_social_scene,6413
2,built_to_spill,731
2,cancer_bats,1703
2,coaltar_of_the_deepers,4143
2,coldplay,2658
2,death_cab_for_cutie,587
2,death_from_above_1979,3315
2,deerhoof,2369
2,digitalism,505
2,fear_before_the_march_of_flames,2362
2,hadouken!,1254
2,have_heart,5361
2,heavy_heavy_low_low,1323
2,hot_hot_heat,1312
2,jim_sturgess,2427
2,little_dragon,672
2,luminous_orange,5120
2,m.i.a.,589
2,mgmt,1468
2,michio_kurihara,1530
2,mstrkrft,2102
2,nujabes,707
2,okkervil_river,2641
2,owl_city,3147
2,patrick_wolf,564
2,polar_bear_club,4091
2,queen,1404
2,simian_mobile_disco,603
2,stars,8192
2,the_album_leaf,622
2,the_fiery_furnaces,543
2,the_honorary_title,1682
2,the_last_shadow_puppets,961
2,the_libertines,3916
2,the_microphones,606
2,the_most_serene_republic,12763
2,the_rocket_summer,691
2,the_secret_handshake,1384
2,the_strokes,1854
2,the_wombats,1244
2,uffie,977
3,16_horsepower,225
3,a_hawk_and_a_hacksaw,45
3,a_silver_mt._zion,106
3,amanda_rogers,119
3,andrew_liles,248
3,ane_brun,51
3,angels_of_light,224
3,antony_and_the_johnsons,107
3,baby_dee,71
3,bill_fay,92
3,björk,99
3,carter_tutti,56
3,castanets,64
3,charalambides,193
3,coil,567
3,current_93,853
3,daniel_higgs,67
3,einstürzende_neubauten,105
3,fern_knight,137
3,festival,167
3,flairck,66
3,fovea_hex,121
3,frank_london,45
3,ghq,71
3,jack_rose,66
3,jean_parlette,40
3,jocelyn_pook,53
3,john_jacob_niles,57
3,larkin_grimm,43
3,lux_interna,114
3,marc_almond,105
3,mariee_sioux,100
3,marissa_nadler,107
3,matmos,53
3,michael_gira,44
3,nalle,110
3,nick_cave_&_the_bad_seeds,135
3,nurse_with_wound,88
3,orion_rigel_dommisse,54
3,pelt,41
3,six_organs_of_admittance,242
3,soisong,51
3,the_legendary_pink_dots,204
3,the_one_ensemble,55
3,the_revolutionary_army_of_the_infant_jesus,57
3,ulver,52
4,agalloch,6
4,alice_in_chains,6
4,amon_amarth,26
4,amoral,29
4,arch_enemy,3
4,ark,10
4,at_the_gates,3
4,atrocity,16
4,audioslave,11
4,brujeria,7
4,cannibal_corpse,48
4,children_of_bodom,4
4,circus_maximus,10
4,compay_segundo,3
4,cynic,8
4,dark_tranquillity,17
4,death,9
4,dido,13
4,dimmu_borgir,10
4,dragonforce,4
4,dredg,4
4,elis,31
4,ensiferum,3
4,farmakon,5
4,green_carnation,4
4,johann_sebastian_bach,6
4,kalmah,6
4,kamelot,14
4,katatonia,11
4,korpiklaani,8
4,kromlek,16
4,my_dying_bride,8
4,månegarm,9
4,naglfar,3
4,nevermore,3
4,novembers_doom,14
4,old_mans_child,3
4,opeth,106
4,pain_of_salvation,4
4,poe,14
4,rhapsody_of_fire,4
4,riverside,24
4,rock_universal,14
4,shade_empire,3
4,stone_temple_pilots,12
4,system_of_a_down,3
4,the_mars_volta,4
4,tool,4
4,tristania,3
5,aesop_rock,72
5,air,178
5,amon_tobin,106
5,animal_collective,203
5,annie,75
5,apes_&_androids,67
5,aphex_twin,213
5,arcade_fire,143
5,architecture_in_helsinki,68
5,atmosphere,189
5,autechre,86
5,beastie_boys,74
5,bent,81
5,bibio,69
5,boards_of_canada,407
5,bola,68
5,broadcast,75
5,broken_social_scene,144
5,brother_ali,96
5,caribou,65
5,cocorosie,386
5,devendra_banhart,456
5,electrelane,84
5,elliott_smith,66
5,fog,132
5,four_tet,100
5,goldfrapp,109
5,illogic,76
5,isan,68
5,joanna_newsom,184
5,k-the-i???,78
5,m83,118
5,massive_attack,149
5,max_richter,94
5,mf_doom,71
5,múm,67
5,neutral_milk_hotel,83
5,pavement,117
5,plaid,133
5,portishead,162
5,prefuse_73,121
5,rachel's,69
5,radiohead,86
5,sage_francis,106
5,susumu_yokota,85
5,the_books,70
5,the_flashbulb,118
5,the_microphones,77
5,vetiver,80
5,why?,91
6,2_many_dj's,647
6,a_tribe_called_quest,367
6,air,385
6,alasdair_fraser_&_paul_machlis,211
6,amon_tobin,944
6,battles,270
6,beck,332
6,boards_of_canada,1115
6,bon_iver,313
6,bonobo,296
6,bright_eyes,1039
6,clutch,754
6,deadmau5,295
6,dj_format,247
6,dj_shadow,410
6,earth,282
6,fleetwood_mac,184
6,flight_of_the_conchords,192
6,four_tet,1022
6,holy_fuck,205
6,justice,1094
6,kyuss,478
6,late_of_the_pier,197
6,led_zeppelin,181
6,lemon_jelly,233
6,metronomy,268
6,mgmt,199
6,michael_jackson,203
6,mogwai,1480
6,muse,186
6,passion_pit,208
6,pink_floyd,217
6,radiohead,2417
6,rex_the_dog,300
6,rjd2,217
6,röyksopp,311
6,sigur_rós,763
6,simian_mobile_disco,192
6,snow_patrol,278
6,the_beatles,704
6,the_cinematic_orchestra,366
6,the_decemberists,283
6,the_flaming_lips,215
6,the_go!_team,712
6,the_hold_steady,1955
6,the_prodigy,234
6,the_rolling_stones,198
6,tool,480
6,tv_on_the_radio,597
6,white_denim,748
7,ac/dc,554
7,asa,67
7,bob_marley_&_the_wailers,447
7,bon_jovi,101
7,brother_firetribe,42
7,bullet_for_my_valentine,44
7,children_of_bodom,247
7,circus_maximus,156
7,dio,101
7,dragonforce,89
7,dream_theater,572
7,gentleman,61
7,guns_n'_roses,125
7,hurriganes,40
7,in_flames,51
7,iron_maiden,471
7,killswitch_engage,53
7,kiuas,39
7,klamydia,62
7,kotiteollisuus,160
7,manowar,54
7,megadeth,255
7,metallica,473
7,mokoma,44
7,mötley_crüe,59
7,nightwish,189
7,nopsajalka,77
7,norther,40
7,ozzy_osbourne,34
7,pantera,44
7,paramore,75
7,queen,57
7,raappana,227
7,scorpions,97
7,skid_row,46
7,slayer,52
7,soldiers_of_jah_army,101
7,soul_captain_band,68
7,stam1na,758
7,stone,46
7,stratovarius,40
7,sublime,136
7,tarot,63
7,teräsbetoni,95
7,the_darkness,73
7,tool,54
7,trivium,244
7,viikate,136
7,volbeat,133
8,a-ha,35
8,atomic_kitten,20
8,backstreet_boys,20
8,belinda_carlisle,97
8,björk,17
8,black,53
8,blackfield,47
8,blink-182,25
8,brandy,105
8,chris_rea,73
8,culture_club,15
8,cyndi_lauper,47
8,dave_gahan,24
8,delta_goodrem,21
8,desireless,39
8,elton_john,140
8,erasure,16
8,eurythmics,85
8,feel,401
8,frozen_silence,49
8,george_michael,56
8,goldfrapp,16
8,hall_&_oates,76
8,hans_zimmer,32
8,justin_timberlake,19
8,kelly_clarkson,23
8,laura_branigan,65
8,leona_lewis,59
8,limp_bizkit,38
8,linkin_park,34
8,lucie_silvas,23
8,maciej_silski,62
8,madonna,29
8,mary_j._blige,20
8,metallica,95
8,michelle_branch,22
8,mike_oldfield,79
8,modern_talking,37
8,mr._oizo,14
8,natalie_imbruglia,23
8,negative,20
8,nelly_furtado,31
8,nerina_pallot,17
8,new_order,21
8,orgy,128
8,pet_shop_boys,101
8,pin,421
8,pseudo_echo,47
8,rihanna,36
8,robbie_williams,13
8,sade,101
8,savage_garden,19
8,seal,21
8,sweet_coffee,49
8,the_waterboys,64
9,amaral,5
9,amy_winehouse,3
9,ana_torroja,4
9,andy_&_lucas,5
9,antonio_orozco,10
9,beyoncé,4
9,black_eyed_peas,12
9,bustamante,4
9,camila,4
9,chambao,5
9,chayanne,5
9,christian_castro,5
9,christina_aguilera,5
9,colbie_caillat,4
9,coti,4
9,craig_david,5
9,david_bisbal,4
9,decai,10
9,delta_goodrem,4
9,edurne,4
9,efecto_mariposa,3
9,el_arrebato,3
9,enrique_iglesias,3
9,fito_&_fitipaldis,4
9,fondo_flamenco,3
9,hanna,4
9,jennifer_lopez,3
9,juanes,6
9,justin_timberlake,4
9,kelly_clarkson,3
9,kiko_&_shara,9
9,la_oreja_de_van_gogh,6
9,lucie_silvas,7
9,luis_fonsi,5
9,malu,4
9,manuel_carrasco,7
9,marc_anthony,8
9,mecano,3
9,melendi,6
9,mika,7
9,nelly_furtado,11
9,paulina_rubio,4
9,phil_collins,3
9,rihanna,10
9,rosana,4
9,sean_kingston,3
9,sergio_contreras,5
9,t.a.t.u.,4
9,u2,3
10,akira_yamaoka,40
10,alien_ant_farm,263
10,andrew_w.k.,63
10,angels_&_airwaves,374
10,aqua,39
10,blessthefall,49
10,blink-182,3366
10,blu_mar_ten,73
10,bodyjar,57
10,bomfunk_mcs,73
10,box_car_racer,1060
10,clawfinger,38
10,commix,31
10,darude,41
10,dover,59
10,drop_dead_gorgeous,68
10,drowning_pool,24
10,drumattic_twins,66
10,dub_fx,1255
10,dusty_kid,37
10,eminem,116
10,enigma,29
10,fatboy_slim,28
10,flying_steps,67
10,franz_ferdinand,47
10,future_prophecies,51
10,haggard,305
10,hoobastank,60
10,id_software,31
10,infected_mushroom,45
10,johannes_linstead,47
10,jonathan_coulton,51
10,krs-one,28
10,linkin_park,212
10,nubreed_&_luke_chable,49
10,panic_at_the_disco,31
10,paul_oakenfold,419
10,pendulum,397
10,placebo,24
10,prodigy,52
10,rise_against,85
10,ronald_jenkees,391
10,ronan_hardiman,185
10,scum_of_the_earth,79
10,senses_fail,37
10,silverstein,88
10,southside_rockers,56
10,sum_41,391
10,the_crystal_method,170
10,the_offspring,256
10,the_prodigy,139
10,the_qemists,104
10,vanessa-mae,73
10,zebrahead,699
10,Бумбокс,81
10,Океан_Ельзи,242
10,Тартак,71
10,川田まみ,120
11,alice_in_videoland,377
11,arcade_fire,198
11,arctic_monkeys,352
11,bloc_party,346
11,coldplay,639
11,david_&_the_citizens,2373
11,david_fridlund,425
11,death_cab_for_cutie,531
11,deportees,204
11,detektivbyrån,753
11,firefox_ak,153
11,franz_ferdinand,229
11,green_day,168
11,hoobastank,165
11,hot_chip,186
11,håkan_hellström,463
11,keane,140
11,kent,1724
11,kings_of_convenience,167
11,laleh,239
11,lars_winnerbäck,750
11,madonna,141
11,mando_diao,148
11,markus_krunegård,226
11,mew,171
11,millencolin,184
11,muse,167
11,oasis,300
11,panic_at_the_disco,300
11,patrick_wolf,237
11,placebo,626
11,r.e.m.,199
11,radiohead,252
11,raymond_&_maria,737
11,sahara_hotnights,266
11,shout_out_louds,145
11,slagsmålsklubben,193
11,snow_patrol,611
11,säkert!,798
11,tegan_and_sara,606
11,the_ark,381
11,the_beatles,170
11,the_cardigans,353
11,the_decemberists,144
11,the_killers,210
11,the_knife,543
11,the_kooks,225
11,the_sounds,173
11,the_strokes,195
11,the_tough_alliance,148
11,tiger_lou,487
11,timo_räisänen,370
11,vapnet,247
12,altered_images,293
12,andrew_bird,89
12,backstreet_boys,85
12,britney_spears,80
12,camera_obscura,103
12,carolyn_dawn_johnson,173
12,culture_club,125
12,dan_fogelberg,91
12,dashboard_confessional,161
12,deana_carter,101
12,death_cab_for_cutie,90
12,depeche_mode,127
12,der_plan,122
12,dierks_bentley,121
12,dixie_chicks,110
12,fake,127
12,fefe_dobson,73
12,gwen_stefani,122
12,haircut_100,83
12,hanson,728
12,heaven_17,118
12,ima_robot,131
12,jewel,87
12,jonathan_larson,161
12,judith_holofernes,130
12,julie_roberts,73
12,kristy_lee,79
12,martina_mcbride,280
12,matt_&_kim,99
12,mazzy_star,163
12,missing_persons,138
12,no_doubt,510
12,orchestral_manoeuvres_in_the_dark,439
12,regina_spektor,246
12,shania_twain,106
12,stacey_q,106
12,steel_train,95
12,taking_back_sunday,91
12,tegan_and_sara,406
12,the_beatles,167
12,the_format,224
12,the_honorary_title,186
12,the_human_league,295
12,the_murmurs,176
12,the_passions,134
12,the_police,75
12,the_postal_service,75
12,the_sundays,118
12,the_verve_pipe,151
12,thompson_twins,927
12,wicked,155
12,wir_sind_helden,1047
12,yazoo,254
13,2pac,48
13,50_cent,36
13,abstract_rude_&_tribe_unique,36
13,big_shug,27
13,bill_evans,35
13,black_milk,92
13,black_spade,27
13,burial,28
13,common,100
13,dead_prez,60
13,dj_shadow,51
13,dj_vadim,28
13,do_or_die,44
13,dr._dre,76
13,el-p,28
13,emc,31
13,evidence,69
13,flying_lotus_-_(www.influencias-urbanas.blogspot.com),25
13,fort_minor,47
13,ghostface,31
13,gza/genius,35
13,j_dilla,124
13,jay-z,81
13,jeff_mills,52
13,joan_baez,22
13,john_coltrane,27
13,k-os,31
13,kanye_west,63
13,lil_wayne,32
13,madlib,40
13,madvillain,46
13,method_man,52
13,nas,114
13,panacea,50
13,percee_p,56
13,pete_rock,89
13,prodigy,27
13,ratatat,46
13,redman,23
13,rjd2,40
13,roni_size_&_reprazent,26
13,rza,23
13,styles_p,32
13,talib_kweli,45
13,the_alchemist,36
13,the_cool_kids,24
13,the_game,24
13,the_residents,27
14,3_doors_down,149
14,akon,44
14,alicia_keys,70
14,ambassadöör,55
14,antti_tuisku,54
14,apulanta,301
14,basic_element,144
14,britney_spears,134
14,bryan_adams,240
14,cascada,76
14,cheek,55
14,chorale,248
14,chris_brown,131
14,da_buzz,42
14,darin,55
14,deep_insight,59
14,don_huonot,95
14,e-rotic,690
14,eels,130
14,finlanders,45
14,frank_sinatra,64
14,gnarls_barkley,200
14,goo_goo_dolls,534
14,groove_coverage,183
14,hoobastank,88
14,irwin_goodman,121
14,jennifer_lopez,102
14,jessy,39
14,jewel,194
14,john_legend,74
14,jonas_brothers,63
14,kapasiteettiyksikkö,70
14,mamba,43
14,maroon_5,59
14,moby,104
14,sadetanssi,45
14,september,172
14,snoop_dogg,45
14,snow_patrol,57
14,solid_base,127
14,sonata_arctica,67
14,stella,81
14,the_calling,59
14,the_pussycat_dolls,78
14,usher,54
15,a_place_to_bury_strangers,30
15,asobi_seksu,11
15,beck,9
15,black_mountain,7
15,black_rebel_motorcycle_club,78
15,bon_iver,10
15,captain_beefheart_&_his_magic_band,19
15,dungen,16
15,edgar_'jones'_jones,27
15,fairport_convention,10
15,film_school,21
15,flavor_crystals,12
15,graham_bond_organisation,42
15,jefferson_airplane,49
15,kaleidoscope,17
15,king_khan_&_the_shrines,28
15,love,33
15,nick_drake,10
15,nico,12
15,not_from_there,30
15,radiohead,81
15,richard_in_your_mind,30
15,soft_machine,10
15,spindrift,15
15,spiritualized,157
15,stereolab,11
15,syd_barrett,176
15,television,7
15,the_black_angels,47
15,the_boo_radleys,97
15,the_brian_jonestown_massacre,93
15,the_charlatans,19
15,the_dandy_warhols,12
15,the_duke_spirit,52
15,the_greenhornes,9
15,the_incredible_string_band,15
15,the_national,9
15,the_raconteurs,17
15,the_rolling_stones,26
15,the_stairs,28
15,the_stone_roses,50
15,the_telescopes,7
15,the_velvet_underground,16
15,the_vera_violets,28
15,the_warlocks,31
16,+44,394
16,all_time_low,609
16,amber_pacific,567
16,anberlin,360
16,andrew_w.k.,448
16,angels_&_airwaves,379
16,ben_kweller,366
16,better_luck_next_time,229
16,blink-182,464
16,cartel,334
16,cauterize,271
16,damien_rice,389
16,death_cab_for_cutie,313
16,fall_out_boy,473
16,foo_fighters,366
16,four_year_strong,567
16,frightened_rabbit,335
16,get_cape._wear_cape._fly,243
16,girl_talk,229
16,hit_the_lights,253
16,holiday_parade,286
16,jack_johnson,351
16,john_mayer,212
16,joshua_radin,220
16,kanye_west,274
16,lostprophets,1137
16,lucky_boys_confusion,585
16,moving_mountains,351
16,my_chemical_romance,370
16,nizlopi,254
16,panic_at_the_disco,306
16,rise_against,278
16,saosin,320
16,senses_fail,361
16,set_your_goals,319
16,sherwood,188
16,showoff,429
16,story_of_the_year,223
16,sufjan_stevens,201
16,sum_41,211
16,the_ataris,203
16,the_format,296
16,the_frantic,219
16,the_killers,272
16,the_rocket_summer,230
16,the_weakerthans,446
16,the_wedding,340
17,așa,514
17,cali_lewis,89
17,carla_bruni,433
17,coldplay,557
17,depeche_mode,111
17,dream_theater,103
17,faith_no_more,129
17,fantômas,94
17,green_day,106
17,guns_n'_roses,276
17,humanos,399
17,iron_maiden,161
17,jay-z,100
17,justin_timberlake,108
17,kanye_west,232
17,keane,310
17,kid_loco,260
17,lady_sovereign,131
17,lily_allen,271
17,madredeus,550
17,manu_chao,124
17,metallica,163
17,muse,135
17,natalie_imbruglia,183
17,norah_jones,794
17,paul_simon,332
17,pearl_jam,90
17,pedro_abrunhosa,254
17,penguin_cafe_orchestra,412
17,pink_floyd,207
17,queen,88
17,ratos_de_porão,134
17,ravid_goldschmidt,412
17,seal,408
17,sigur_rós,210
17,snow_patrol,105
17,stevie_wonder,197
17,tenacious_d,120
17,the_commitments,89
17,the_streets,138
17,thievery_corporation,163
17,type_o_negative,91
17,u2,102
17,xutos_&_pontapés,364
18,ac/dc,184
18,aerosmith,64
18,alice_in_chains,411
18,amplifier,175
18,audioslave,75
18,blue_Öyster_cult,74
18,buckethead,599
18,camel,206
18,caravan,30
18,chevelle,15
18,cream,15
18,days_of_the_new,35
18,disturbed,121
18,dream_theater,417
18,emerson_lake_&_palmer,65
18,faith_no_more,9
18,frankie_goes_to_hollywood,48
18,iommi,60
18,jethro_tull,111
18,jordan_rudess,16
18,king_crimson,219
18,led_zeppelin,24
18,liquid_tension_experiment,74
18,muse,12
18,nickelback,10
18,oasis,118
18,opeth,8
18,patti_smith,12
18,pearl_jam,60
18,pink_floyd,308
18,porcupine_tree,100
18,rammstein,28
18,rush,297
18,soundgarden,784
18,stone_temple_pilots,606
18,ted_nugent,72
18,tenacious_d,22
18,the_answer,164
18,the_cult,354
18,the_mars_volta,20
18,the_moody_blues,17
18,the_verve,29
18,tool,139
18,type_o_negative,391
18,ufo,40
18,uriah_heep,168
18,wishbone_ash,26
18,wolfmother,67
18,yes,150
18,zz_top,9
19,a_perfect_circle,449
19,amiina,75
19,anita_lane,85
19,antony_and_the_johnsons,1039
19,bajaga,74
19,bauhaus,83
19,beirut,121
19,cat_power,91
19,christian_death,65
19,clint_mansell,100
19,creedence_clearwater_revival,211
19,david_bowie,461
19,einstürzende_neubauten,67
19,elliott_smith,73
19,gary_numan,156
19,goon_moon,199
19,grinderman,164
19,iggy_pop,62
19,inkubus_sukkubus,100
19,interpol,70
19,iron_maiden,264
19,joy_division,116
19,led_zeppelin,254
19,leonard_cohen,227
19,my_bloody_valentine,1671
19,nick_cave_&_warren_ellis,89
19,nick_cave_and_the_bad_seeds,816
19,nine_inch_nails,11092
19,nouvelle_vague,272
19,patti_smith,101
19,pink_floyd,63
19,pj_harvey,1603
19,rowland_s._howard,224
19,sigur_rós,191
19,slowdive,154
19,the_69_eyes,69
19,the_boys_next_door,124
19,the_brian_jonestown_massacre,564
19,the_cure,1588
19,the_dandy_warhols,68
19,the_dresden_dolls,281
19,the_jesus_and_mary_chain,604
19,the_rolling_stones,279
19,the_sisters_of_mercy,487
19,the_smiths,96
19,the_stooges,65
19,the_velvet_underground,423
19,the_white_stripes,349
19,tool,111
20,3_inches_of_blood,596
20,accept,600
20,amon_amarth,1044
20,annihilator,936
20,arch_enemy,953
20,children_of_bodom,662
20,daath,540
20,decapitated,468
20,devildriver,496
20,dream_evil,398
20,exciter,796
20,exodus,874
20,fight,403
20,finntroll,416
20,gamma_ray,415
20,gojira,521
20,grave_digger,1958
20,halford,424
20,hammerfall,447
20,hatebreed,430
20,helloween,601
20,iced_earth,1036
20,in_flames,424
20,iron_maiden,627
20,iron_savior,601
20,jag_panzer,574
20,judas_priest,1861
20,kreator,686
20,lamb_of_god,1033
20,manowar,524
20,mastodon,571
20,meshuggah,417
20,metal_church,533
20,morgana_lefay,392
20,mortification,430
20,necrophagist,395
20,pantera,529
20,paragon,1201
20,primal_fear,1528
20,rage,395
20,rebellion,649
20,running_wild,1766
20,sabaton,620
20,slayer,477
20,steel_attack,551
20,stormwarrior,413
20,strapping_young_lad,720
20,the_ocean,441
20,u.d.o.,1018
20,vicious_rumors,401
21,30_seconds_to_mars,5
21,a_day_to_remember,4
21,a_static_lullaby,5
21,alesana,3
21,as_i_lay_dying,5
21,as_we_fight,2
21,ash,3
21,beatsteaks,4
21,billy_talent,5
21,black_tequila,6
21,blessthefall,3
21,bosse,5
21,brand_new,3
21,bullet_for_my_valentine,5
21,canoe,3
21,chiodos,8
21,coheed_and_cambria,4
21,deus,5
21,dredg,6
21,dúné,4
21,enter_shikari,4
21,feeder,5
21,finch,4
21,from_first_to_last,4
21,funeral_for_a_friend,5
21,grammatics,2
21,kill_hannah,3
21,lostalone,4
21,madsen,3
21,maxïmo_park,3
21,mindless_self_indulgence,4
21,muse,3
21,my_chemical_romance,4
21,neaera,3
21,olli_schulz_&_der_hund_marie,4
21,scary_kids_scaring_kids,3
21,secret_and_whisper,3
21,senses_fail,3
21,slut,4
21,tele,2
21,the_dreaming,4
21,the_fall_of_troy,3
21,the_killers,3
21,the_kooks,4
21,the_strokes,3
21,the_vines,3
21,underoath,2
21,virginia_jetzt!,3
22,adema,15
22,afi,84
22,agnostic_front,7
22,alice_in_chains,11
22,alkaline_trio,108
22,all,7
22,bad_religion,11
22,danny_elfman,10
22,david_bowie,86
22,dead_kennedys,10
22,dead_to_me,12
22,elvis_costello,28
22,elvis_presley,20
22,foghat,15
22,foxboro_hot_tubs,14
22,frank_sinatra,21
22,jimmy_eat_world,11
22,kylie_minogue,15
22,led_zeppelin,8
22,less_than_jake,6
22,marilyn_manson,7
22,me_first_and_the_gimme_gimmes,8
22,mgm_studio_orchestra,8
22,michael_armstrong,114
22,mxpx,12
22,my_life_with_the_thrill_kill_kult,6
22,new_found_glory,8
22,nirvana,10
22,no_doubt,8
22,parragon_books,215
22,pink,13
22,pj_harvey,10
22,poison,9
22,rancid,7
22,rise_against,7
22,the_aquabats,6
22,the_beatles,68
22,the_cure,6
22,the_dandy_warhols,15
22,the_distillers,6
22,the_gaslight_anthem,11
22,the_mighty_mighty_bosstones,18
22,the_tantra_monsters,10
22,tiger_army,51
22,tim_mcgraw,13
23,5'nizza,49
23,air,51
23,alizée,38
23,aventura,53
23,avril_lavigne,31
23,belvedere,57
23,bob_marley,41
23,captain_everything!,47
23,cidade_negra,30
23,cypress_hill,185
23,daddy_yankee,27
23,distemper,55
23,dropkick_murphys,44
23,electrosoul_system,35
23,f.p.g.,29
23,koЯn,153
23,limp_bizkit,84
23,linkin_park,290
23,mad_caddies,256
23,moskovskaya,89
23,mxpx,34
23,nofx,239
23,onyx,69
23,otklonenie,31
23,reel_big_fish,106
23,richard_cheese,32
23,ska-p,96
23,skaface,27
23,skarface,359
23,slipknot,39
23,system_of_a_down,43
23,talco,30
23,the_planet_smashers,136
23,the_specials,28
23,tina_charles,27
24,30_seconds_to_mars,1333
24,amy_winehouse,887
24,angels_&_airwaves,825
24,arcade_fire,337
24,arctic_monkeys,761
24,blink-182,308
24,bloc_party,443
24,cansei_de_ser_sexy,255
24,coldplay,319
24,dead_fish,398
24,does_it_offend_you_yeah?,225
24,feist,273
24,finch,296
24,friendly_fires,519
24,from_first_to_last,246
24,hateen,419
24,interpol,840
24,japandroids,724
24,japanther,325
24,justice,328
24,keane,325
24,kings_of_leon,306
24,klaxons,261
24,linkin_park,234
24,matt_&_kim,352
24,mgmt,421
24,muse,803
24,new_found_glory,403
24,nine_inch_nails,421
24,no_age,778
24,onerepublic,413
24,panic_at_the_disco,908
24,peter_bjorn_and_john,378
24,radiohead,1437
24,rise_against,432
24,rock'n'zombie,293
24,sixpence_none_the_richer,384
24,snow_patrol,444
24,the_dead_weather,1145
24,the_killers,569
24,the_kooks,369
24,the_raconteurs,270
24,the_used,698
24,the_white_stripes,1116
24,thursday,364
24,tiny_masters_of_today,775
24,underoath,278
24,veto,623
24,weezer,358
24,yeah_yeah_yeahs,2841
25,aviation,22
25,blue_foundation,15
25,bob_marley,23
25,bone_thugs-n-harmony,19
25,carter_burwell,14
25,claude_debussy,14
25,coldplay,28
25,cypress_hill,64
25,dj_raaban,14
25,fools_garden,20
25,frankie_valli,59
25,genesis,28
25,grease,131
25,high_school_musical_2,21
25,iron_&_wine,16
25,jukka_poika,27
25,kaiser_chiefs,66
25,kapteeni_Ä-ni,21
25,klamydia,64
25,koЯn,29
25,kuningas_pähkinä_&_setä_tamu,33
25,lemon_ice,15
25,mew,27
25,motion_city_soundtrack,58
25,muse,38
25,nirvana,21
25,nopsajalka,61
25,orson,60
25,paramore,25
25,pelle_miljoona,63
25,placebo,35
25,raappana,835
25,ramones,21
25,ripsipiirakka,62
25,robert_pattinson,23
25,rufus_wainwright,18
25,savage_garden,17
25,ska-p,29
25,sonata_arctica,17
25,soul_captain_band,145
25,stig_dogg,23
25,technotronic,25
25,the_black_ghosts,15
25,toto,15
25,twilight,360
25,walls_of_jericho,25
26,admiral_freebee,383
26,air,833
26,air_traffic,273
26,andrew_dorff,286
26,antony_and_the_johnsons,248
26,arctic_monkeys,484
26,beck,1197
26,beirut,522
26,bloc_party,331
26,bon_iver,243
26,bonnie_'prince'_billy,618
26,calexico,357
26,carla_bruni,504
26,cocorosie,520
26,deus,1403
26,dj_shadow,355
26,editors,676
26,eels,945
26,elliott_smith,711
26,gomez,457
26,goran_bregović,490
26,grinderman,315
26,jacques_brel,361
26,joe_dassin,485
26,johnny_cash,2618
26,lou_reed,370
26,marvin_gaye,434
26,massive_attack,334
26,morphine,331
26,nick_cave_&_the_bad_seeds,1214
26,nick_drake,580
26,nina_simone,721
26,norah_jones,262
26,oasis,631
26,pj_harvey,895
26,portishead,485
26,radiohead,1540
26,serge_gainsbourg,414
26,sigur_rós,887
26,suzanne_vega,356
26,the_arcade_fire,1308
26,the_gutter_twins,320
26,the_lemonheads,701
26,the_pogues,464
26,the_smashing_pumpkins,391
26,the_smiths,545
26,tom_waits,694
26,tv_on_the_radio,320
26,typhoon,507
27,acoustic_alchemy,31
27,america,12
27,billie_holiday,16
27,billy_joel,26
27,bob_seger_&_the_silver_bullet_band,11
27,carole_king,22
27,cat_stevens,11
27,chicago,12
27,claire_martin,11
27,cream,20
27,crusaders,18
27,dire_straits,21
27,donald_fagen,20
27,eagles,10
27,elkie_brooks,20
27,elton_john,10
27,eric_bibb,19
27,eric_clapton,26
27,fairport_convention,21
27,fleetwood_mac,11
27,george_benson,15
27,harry_nilsson,10
27,jamie_cullum,20
27,janis_joplin,24
27,joan_armatrading,35
27,joni_mitchell,36
27,miles_davis,13
27,nickel_creek,38
27,oscar_peterson,20
27,paul_mccartney,15
27,paul_simon,17
27,phil_collins,12
27,ramsey_lewis,11
27,rickie_lee_jones,16
27,santana,20
27,simon_&_garfunkel,13
27,sky,14
27,steely_dan,31
27,steve_tyrell,13
27,sting,17
27,supertramp,21
27,the_beatles,34
27,the_commitments,20
27,the_doobie_brothers,13
27,traveling_wilburys,13
27,turin_brakes,22
27,van_morrison,40
28,20/20,9
28,4him,2
28,abba,2
28,alex_campos,4
28,aretha_franklin,2
28,bob_dylan,2
28,bob_fitts,2
28,brian_doerksen,2
28,brian_littrell,2
28,casting_crowns,4
28,chris_tomlin,3
28,clay_crosse,2
28,danilo_montero,4
28,danny_berrios,3
28,darlene_zschech,2
28,david_crowder_band,3
28,hillsong,4
28,hillsong_united,5
28,ingrid_rosario,2
28,jaci_velásquez,2
28,jeremy_camp,3
28,jesus_adrian_romero,2
28,joy_williams,2
28,kirk_franklin,3
28,lilly_goodman,3
28,marcela_gandara,5
28,marco_barrientos,8
28,marcos_witt,5
28,matt_redman,3
28,mercyme,4
28,michael_w._smith,2
28,natalie_grant,4
28,newsboys,2
28,robin_mark,2
28,rojo,2
28,rush_of_fools,2
28,seven_places,2
28,steven_curtis_chapman,5
28,the_katinas,3
28,third_day,2
28,twila_paris,2
28,various_artists,3
28,vertical,7
29,bent_banana_harper,309
29,bessie_smith,70
29,big_bill_broonzy,130
29,big_joe_williams,73
29,billie_holiday,51
29,bix_beiderbecke,48
29,blind_lemon_jefferson,79
29,blind_willie_johnson,105
29,blind_willie_mctell,118
29,buena_vista_social_club,48
29,bukka_white,129
29,celia_cruz,47
29,charles_mingus,98
29,charley_patton,106
29,charlie_musselwhite,102
29,charlie_parker,121
29,chuck_berry,62
29,dexter_gordon,91
29,dock_boggs,58
29,el_gran_combo_de_puerto_rico,52
29,etta_james,57
29,gonzalo_rubalcaba,74
29,howlin'_wolf,105
29,james_brown,50
29,john_lee_hooker,128
29,johnny_shines,62
29,junior_wells,49
29,keb'_mo',113
29,leadbelly,159
29,lightnin'_hopkins,137
29,mahalia_jackson,48
29,marvin_gaye,51
29,mccoy_tyner,57
29,memphis_minnie,69
29,miles_davis,59
29,mississippi_fred_mcdowell,109
29,mississippi_john_hurt,197
29,mongo_santamaria,79
29,muddy_waters,119
29,r.l._burnside,95
29,rail_band,55
29,robert_johnson,117
29,sister_rosetta_tharpe,57
29,skip_james,162
29,slim_harpo,55
29,son_house,188
29,sonny_boy_williamson,56
29,sonny_terry_&_brownie_mcghee,53
29,thelonious_monk,55
29,tommy_johnson,54
30,arcade_fire,328
30,beck,185
30,belle_and_sebastian,265
30,ben_folds,218
30,blink-182,321
30,bob_dylan,216
30,brand_new,399
30,bright_eyes,592
30,broken_social_scene,154
30,clap_your_hands_say_yeah,236
30,clint_mansell,168
30,damien_rice,227
30,dashboard_confessional,392
30,death_cab_for_cutie,485
30,disney,172
30,elliott_smith,435
30,fall_out_boy,194
30,frank_sinatra,421
30,jack_johnson,177
30,john_mayer,204
30,kanye_west,229
30,m83,161
30,mae,148
30,modest_mouse,288
30,motion_city_soundtrack,273
30,muse,373
30,owl_city,445
30,panic_at_the_disco,168
30,pedro_the_lion,174
30,queen,184
30,radiohead,491
30,red_hot_chili_peppers,234
30,regina_spektor,182
30,relient_k,456
30,sigur_rós,174
30,stars,853
30,sufjan_stevens,731
30,taking_back_sunday,161
30,the_academy_is...,206
30,the_all-american_rejects,180
30,the_beatles,807
30,the_clash,156
30,the_decemberists,167
30,the_early_november,166
30,the_rolling_stones,169
30,the_shins,225
30,the_smashing_pumpkins,163
30,the_who,154
30,u2,251
31,alter_ego,34
31,bag_raiders,22
31,beast,38
31,beatport.com,25
31,bloc_party,26
31,boys_noize,84
31,busy_p,26
31,chromeo,38
31,daft_punk,84
31,deadmau5,56
31,die_drei_???,24
31,feist,25
31,frankmusik,21
31,girl_talk,176
31,gnarls_barkley,117
31,gui_boratto,28
31,hot_chip,24
31,jedi_mind_tricks,43
31,johnny_cash,21
31,joshua_radin,120
31,justice,73
31,kanye_west,26
31,kasabian,21
31,kid_cudi,21
31,kings_of_leon,25
31,la_roux,79
31,lykke_li,20
31,m.i.a.,24
31,mgmt,27
31,mr._oizo,19
31,passion_pit,24
31,peter_fox,38
31,phoenix,35
31,r.e.m.,36
31,radiohead,21
31,regina_spektor,45
31,robert_hood,27
31,roger_cicero,34
31,röyksopp,31
31,sigur_rós,24
31,simian_mobile_disco,24
31,the_bloody_beetroots,32
31,yael_naim,43
31,yeah_yeah_yeahs,25
32,abstrakt_algebra,98
32,abydos,96
32,after_forever,134
32,ambience,144
32,american_head_charge,88
32,annihilator,151
32,apocalyptica,96
32,arcturus,1024
32,ayreon,149
32,black_label_society,190
32,blind_guardian,109
32,borknagar,303
32,cky,135
32,cradle_of_filth,179
32,cynicism,92
32,dethklok,69
32,devin_townsend,1054
32,dimmu_borgir,412
32,disturbed,74
32,dracul,83
32,edguy,242
32,enigma,109
32,fear_factory,416
32,gothminister,126
32,iron_maiden,76
32,johnny_hollow,435
32,koЯn,101
32,lÂme_immortelle,78
32,manowar,214
32,marcin_"cedyn"_czartynski,215
32,meat_loaf,85
32,megadeth,71
32,metallica,84
32,moby,298
32,muse,94
32,novembers_doom,61
32,queen,73
32,rammstein,413
32,slayer,67
32,sonata_arctica,363
32,strapping_young_lad,159
32,tarot,79
32,tenacious_d,102
32,the_bronx_casket_co.,154
32,twisted_sister,73
32,van_halen,160
33,!!!,730
33,arctic_monkeys,4155
33,badly_drawn_boy,617
33,björk,958
33,bloc_party,658
33,boards_of_canada,539
33,bob_dylan,1195
33,bob_marley,544
33,coldplay,1471
33,cut_copy,838
33,devendra_banhart,2976
33,flogging_molly,640
33,franz_ferdinand,2305
33,happy_mondays,1186
33,husky_rescue,859
33,kings_of_leon,1811
33,kingston_wall,5992
33,lapko,591
33,led_zeppelin,691
33,leevi_and_the_leavings,666
33,lily_allen,597
33,manu_chao,585
33,mew,1120
33,mogwai,1379
33,múm,595
33,pekka_streng,660
33,pink_floyd,1753
33,pixies,1023
33,primal_scream,763
33,radiohead,2290
33,rubik,826
33,röyksopp,849
33,sigur_rós,2671
33,supergrass,923
33,sydän_sydän,943
33,the_beatles,3182
33,the_bluetones,1206
33,the_crash,746
33,the_cure,642
33,the_hives,606
33,the_kooks,558
33,the_libertines,1456
33,the_postal_service,594
33,the_shins,1412
33,the_stone_roses,682
33,the_strokes,1497
33,the_white_stripes,666
33,tryo,871
33,von_hertzen_brothers,718
33,wiidakko,939
33,wolfmother,576
33,yann_tiersen,1289
34,alphaville,42
34,berlin,23
34,bryan_adams,29
34,cascada,515
34,céline_dion,90
34,des'ree,23
34,elton_john,58
34,enya,14
34,era,84
34,evanescence,316
34,gravity_co.,55
34,groove_coverage,35
34,irene_cara,21
34,jason_donovan,40
34,joan_osborne,70
34,krypteria,26
34,la_bionda,17
34,limahl,30
34,linkin_park,297
34,loituma,12
34,loreena_mckennitt,67
34,maggie_reilly,45
34,manowar,34
34,marc_anthony_&_tina_arena,23
34,mattafix,83
34,meja,19
34,midnight_oil,30
34,mike_oldfield,546
34,nightwish,396
34,poets_of_the_fall,21
34,queen,16
34,r._kelly,11
34,rammstein,552
34,roxette,259
34,scorpions,75
34,shania_twain,98
34,sheena_easton,24
34,spice_girls,48
34,styx,74
34,the_bangles,18
34,the_rasmus,42
34,titiyo,35
34,uriah_heep,107
35,ac/dc,38
35,aerosmith,32
35,artista_sconosciuto,25
35,bee_gees,48
35,black_sabbath,61
35,blind_melon,30
35,bob_dylan,40
35,boston,25
35,bruce_springsteen,28
35,dire_straits,28
35,eagles,55
35,ennio_morricone,31
35,eric_clapton,22
35,europe,30
35,fabrizio_de_andré,22
35,foreigner,33
35,francesco_guccini,40
35,franco_battiato,149
35,freddie_mercury,21
35,giovanni_allevi,36
35,guns_n_roses,26
35,inxs,25
35,iron_maiden,41
35,jethro_tull,51
35,jimi_hendrix,55
35,kiss,40
35,led_zeppelin,73
35,lou_reed,21
35,lynyrd_skynyrd,102
35,nazareth,23
35,neil_young,91
35,nirvana,21
35,pink_floyd,66
35,queen,174
35,rainbow,21
35,rammstein,24
35,scorpions,29
35,simon_&_garfunkel,57
35,status_quo,29
35,t._rex,60
35,tazenda,145
35,tenacious_d,33
35,the_beatles,127
35,the_police,61
35,the_rolling_stones,79
35,the_who,77
35,tom_jones,26
35,uriah_heep,46
35,van_halen,45
36,alva_noto_+_ryuichi_sakamoto,41
36,andrew_pekler,66
36,attwenger,30
36,autistic_daughters,21
36,avril,22
36,b._fleischmann,70
36,billie_holiday,24
36,bishop_allen,56
36,cat_power,19
36,colleen,21
36,einstürzende_neubauten,34
36,element_of_crime,45
36,erik_satie,30
36,franz_schubert,27
36,funny_van_dannen,26
36,gustav,35
36,hauschka,69
36,homelife,32
36,inlets,34
36,jay_alansky,28
36,jim_orourke,22
36,josef_hader,20
36,kangding_ray,32
36,la_jr,18
36,lali_puna,38
36,leila,30
36,little_annie,35
36,lullatone,22
36,michael_nyman,20
36,momus_and_anne_laplantine,29
36,mount_eerie,22
36,nino_rota,25
36,pascal_comelade,29
36,peterlicht,25
36,pierre_bastien,41
36,radian,21
36,radiohead,19
36,replicant_rumba_rockers,24
36,rocko_schamoni,22
36,schneider_tm,74
36,scott_matthew,66
36,songs:_ohia,23
36,sparrow_house,23
36,sporto_kantes,21
36,tape,23
36,tarwater,31
36,the_books,24
36,the_flaming_lips,28
36,the_for_carnation,28
36,the_notwist,42
36,the_tiger_lillies,63
36,thom_yorke,101
36,tied_&_tickled_trio,35
36,tim_hecker,27
36,tom_waits,96
37,alastair_galbraith,391
37,benoît_pioulard,196
37,boris,227
37,califone,277
37,can,213
37,caribou,313
37,faust,195
37,fennesz,253
37,grey_daturas,270
37,grouper,310
37,hala_strana,284
37,hood,471
37,jack_rose,210
37,james_blackshaw,210
37,john_fahey,425
37,labradford,227
37,loren_mazzacane_connors,209
37,machinefabriek,475
37,maher_shalal_hash_baz,413
37,minamo,224
37,mission_of_burma,196
37,mogwai,271
37,my_bloody_valentine,261
37,nagisa_ni_te,217
37,natural_snow_buildings,232
37,noxagt,250
37,oneida,265
37,oren_ambarchi,183
37,os_mutantes,185
37,pumice,199
37,six_organs_of_admittance,274
37,sonic_youth,455
37,stars_of_the_lid,321
37,stereolab,264
37,sun_city_girls,315
37,tape,471
37,tenniscoats,232
37,the_dead_c,393
37,the_ex,235
37,the_fall,448
37,the_kinks,222
37,the_radio_dept.,257
37,the_velvet_underground,269
37,this_heat,271
37,tim_hecker,374
37,times_new_viking,271
37,u.s._maple,194
38,3_na_bossa,7925
38,amos_lee,1091
38,amy_winehouse,329
38,aselin_debison,257
38,astrud_gilberto,1115
38,b.b._king_&_eric_clapton,251
38,bad_religion,404
38,bebel_gilberto,543
38,ben_harper,246
38,bet.e_&_stef,504
38,bryan_ferry,437
38,chet_baker,223
38,chico_buarque,737
38,clémentine,357
38,céu,492
38,damien_rice,253
38,danni_carlos,823
38,delicatessen,869
38,diana_krall,647
38,eden_atwood,795
38,eletrobossa,803
38,elis_regina,330
38,ella_fitzgerald,234
38,jack_johnson,1320
38,john_pizzarelli,2816
38,joão_gilberto,274
38,madeleine_peyroux,1239
38,marisa_monte,523
38,marvin_gaye,322
38,milton_banana_trio,505
38,norah_jones,1628
38,paolo_conte,1496
38,paul_hardcastle,215
38,paula_morelenbaum,486
38,radiohead,437
38,rita_lee,583
38,roberta_sá,264
38,roberto_menescal,1015
38,simply_red,208
38,stacey_kent,429
38,stan_getz_&_charlie_byrd,890
38,stan_getz_&_joão_gilberto,234
38,steve_tyrell,245
38,sublime,616
38,the_doors,291
38,trash_pour_4,1555
39,alan_silvestri,2
39,all_girl_summer_fun_band,1
39,annett_louisan,1
39,antsy_pants,1
39,barry_louis_polisar,3
39,blue_foundation,2
39,bob_marley,2
39,bruce_rowland,2
39,carter_burwell,4
39,coldplay,2
39,david_nevue,2
39,deichkind,1
39,die_fantastischen_vier,4
39,donavon_frankenreiter,3
39,edward_shearmur,2
39,elephant_parade,1
39,farin_urlaub,1
39,hans_zimmer,2
39,hausmarke,1
39,herbert_grönemeyer,1
39,howard_shore,1
39,jeffrey_lewis,2
39,john_cale,2
39,juli,1
39,kimya_dawson,3
39,laurens_van_rooyen,1
39,lazlo_bane,1
39,louis_landon,2
39,madsen,1
39,manu_chao,1
39,muse,1
39,nena,1
39,philipp_poisel,7
39,rachel_portman,2
39,razorlight,1
39,sinsemilia,2
39,sportfreunde_stiller,1
39,the_boy_least_likely_to,1
39,the_john_butler_trio,1
39,the_moldy_peaches,1
39,the_notwist,1
39,tinyfolk,1
39,tryo,4
40,8_bit,4
40,8_bit_weapon,10
40,arcade_fire,5
40,beach_house,9
40,big_blood,6
40,bob_dylan,10
40,cocorosie,6
40,crystal_castles,28
40,daniel_johnston,6
40,do_make_say_think,5
40,ed_askew,8
40,eden_ahbez,39
40,flight_of_the_conchords,6
40,funkdoobiest,4
40,gnarls_barkley,5
40,jackson_c._frank,25
40,jaco_pastorius,5
40,jad_fair_&_daniel_johnston,4
40,james_brown,4
40,jeffrey_lewis,12
40,joanna_newsom,4
40,johnny_cash,18
40,keith_mansfield,9
40,klaxons,10
40,micah_blue_smaldone,21
40,mr._scruff,6
40,n.w.a,4
40,neil_young,9
40,of_montreal,5
40,pink_floyd,7
40,radiohead,12
40,ramones,4
40,random,22
40,seu_jorge,15
40,six_organs_of_admittance,6
40,syd_barrett,7
40,tenniscoats,65
40,the_beatles,18
40,the_doors,11
40,the_fall,7
40,the_jimi_hendrix_experience,6
40,the_knife,16
40,the_velvet_underground,8
40,the_white_stripes,4
40,the_who,5
41,[unknown],43
41,aphex_twin,52
41,aqua_teen_hunger_force_colon_movie_film_for_theaters,108
41,blue_Öyster_cult,78
41,borknagar,69
41,creedence_clearwater_revival,82
41,electric_light_orchestra,58
41,europe,118
41,fleetwood_mac,56
41,galneryus,490
41,infected_mushroom,155
41,initial_d,151
41,iron_maiden,102
41,john_williams,58
41,koji_endo,192
41,long_shot_party,120
41,malice_mizer,154
41,michael_jackson,58
41,mindless_self_indulgence,66
41,moondog,51
41,move,112
41,nightwish,69
41,niko,99
41,nintendo,293
41,powerglove,327
41,quad_city_dj's,47
41,ronald_jenkees,47
41,s.s.h.,43
41,sabrepulse,61
41,shishido_rumi,177
41,sister_mayo,122
41,sonata_arctica,339
41,supercar,224
41,susumu_hirasawa,313
41,the_seatbelts,91
41,tsuneo_imahori,188
41,van_halen,42
42,a_perfect_circle,223
42,animal_collective,113
42,beck,207
42,beirut,158
42,bloc_party,108
42,bob_marley_&_the_wailers,130
42,cocorosie,96
42,coldplay,203
42,crystal_castles,217
42,cut_copy,98
42,daft_punk,98
42,dungen,103
42,familjen,147
42,fischerspooner,132
42,franz_ferdinand,88
42,gorillaz,152
42,hole,195
42,håkan_hellström,136
42,i'm_from_barcelona,229
42,interpol,173
42,iron_&_wine,121
42,josé_gonzález,109
42,kap_bambino,248
42,kent,181
42,klaxons,135
42,kristian_anttila,96
42,ladytron,105
42,le_tigre,101
42,m.i.a.,286
42,markus_krunegård,171
42,mgmt,140
42,múm,90
42,n*e*r*d,101
42,nine_inch_nails,173
42,nirvana,278
42,nouvelle_vague,112
42,parken,217
42,phoenix,294
42,placebo,103
42,portishead,122
42,radiohead,917
42,röyksopp,119
42,sex_pistols,122
42,sigur_rós,257
42,sonic_youth,163
42,the_hives,608
42,the_kills,228
42,the_knife,645
42,the_kooks,136
42,the_libertines,120
42,the_postal_service,89
42,the_radio_dept.,138
42,the_shins,121
42,the_soundtrack_of_our_lives,172
42,the_tough_alliance,160
42,the_wombats,91
42,thom_yorke,120
42,tycho,111
42,yeah_yeah_yeahs,327
42,yo_la_tengo,121
43,andrew_w.k.,233
43,architecture_in_helsinki,264
43,beck,359
43,beirut,210
43,bishop_allen,169
43,blink-182,176
43,bottom_of_the_hudson,362
43,casiotone_for_the_painfully_alone,410
43,clap_your_hands_say_yeah,347
43,cocorosie,399
43,david_bowie,270
43,devo,695
43,fall_out_boy,560
43,fountains_of_wayne,182
43,frank_zappa,272
43,grand_buffet,176
43,hey_erik_leafinson!,567
43,interpol,379
43,john_frusciante,233
43,john_linnell,465
43,joy_division,171
43,mgmt,218
43,of_montreal,971
43,orchestral_manoeuvres_in_the_dark,319
43,pinback,526
43,pixies,283
43,radiohead,352
43,ratatat,349
43,regina_spektor,388
43,roy_orbison,448
43,songstowearpantsto.com,665
43,spacehog,221
43,talking_heads,573
43,tally_hall,168
43,ted_leo_and_the_pharmacists,236
43,the_beatles,248
43,the_dandy_warhols,359
43,the_dead_milkmen,372
43,the_long_winters,558
43,the_magnetic_fields,908
43,the_mountain_goats,353
43,the_residents,191
43,the_sounds,263
43,the_strokes,339
43,the_wrens,244
43,they_might_be_giants,4558
43,tom_waits,235
44,45_grave,85
44,alice_cooper,127
44,alien_sex_fiend,143
44,antiworld,257
44,beseech,83
44,billie_holiday,122
44,cauda_pavonis,609
44,christian_death,167
44,clan_of_xymox,173
44,creepersin,583
44,dead_kennedys,204
44,dead_vampires,91
44,death_ss,172
44,diskonto,117
44,felix_holzmann,87
44,fields_of_the_nephilim,229
44,flesh,419
44,gorgeous_frankenstein,282
44,herbie_hancock,107
44,horror_of_59,573
44,horror_story,352
44,immortal,150
44,inkubus_sukkubus,438
44,jack_frost,250
44,jacquy_bitch,242
44,joy_disaster,282
44,joy_division,521
44,king_diamond,102
44,lacrimas_profundere,202
44,last_days_of_humanity,86
44,leningrad_sandwich,94
44,locomotiv_gt,103
44,madness,113
44,master's_hammer,748
44,mephisto_walz,214
44,miguel_and_the_living_dead,405
44,miles_davis,96
44,misfits,726
44,my_dying_bride,471
44,nightwish,106
44,omega,92
44,ratos_de_porão,221
44,red_lorry_yellow_lorry,92
44,rubella_ballet,687
44,scary_bitches,136
44,schizma,130
44,siouxsie_and_the_banshees,215
44,skeletal_family,85
44,the_awakening,197
44,the_birthday_massacre,174
44,the_cascades,199
44,the_cranberries,99
44,the_cure,207
44,the_damned,113
44,the_horrors,232
44,the_house_of_usher,171
44,the_meteors,416
44,the_mission,158
44,the_sisters_of_mercy,114
44,the_zombie_mafia,408
44,theatre_of_tragedy,130
44,theatres_des_vampires,225
44,tiamat,328
44,two_witches,231
44,type_o_negative,167
44,venom,101
44,xiii._století,581
45,3_doors_down,124
45,[unknown],270
45,acda_en_de_munnik,606
45,ali_farka_touré_&_toumani_diabaté,58
45,amy_winehouse,84
45,ane_brun,61
45,angie_stone,89
45,angus_&_julia_stone,572
45,ann_peebles,142
45,anna_nalick,113
45,anouk,489
45,aphex_twin,57
45,arctic_monkeys,70
45,benny_benassi,75
45,bloodhound_gang,76
45,bløf,199
45,buena_vista_social_club,89
45,c-mon_&_kypski,59
45,candy_dulfer,390
45,coldplay,72
45,daft_punk,82
45,elvis_presley,94
45,feist,128
45,goodnite_opus,56
45,hot_chocolate,67
45,jack_johnson,76
45,james_brown,52
45,james_morrison,73
45,jamiroquai,247
45,johnny_cash,122
45,kate_nash,86
45,kinderen_voor_kinderen,74
45,kraak_&_smaak,116
45,lenny_kravitz,64
45,maria_mena,100
45,maroon_5,67
45,nouvelle_vague,89
45,plaid,56
45,racoon,86
45,red_hot_chili_peppers,159
45,richie_hawtin,60
45,room_eleven,158
45,scissor_sisters,120
45,stevie_ann,112
45,the_beach_boys,62
45,the_beatles,147
45,the_blues_brothers,90
45,the_kooks,103
45,trentemøller,56
46,aiko,151
46,allison_crowe,101
46,aly_&_aj,171
46,annekei,138
46,ashanti,112
46,ashlee_simpson,222
46,ashley_tisdale,116
46,atomic_kitten,121
46,avril_lavigne,641
46,beyoncé,117
46,billy_joel,108
46,bonnie_pink,177
46,bruce_springsteen,150
46,christina_milian,195
46,corinne_bailey_rae,114
46,do_as_infinity,1903
46,echoes,132
46,every_little_thing,293
46,hilary_duff,306
46,hitomi,190
46,holly_valance,105
46,jessica_simpson,115
46,leona_lewis,116
46,lindsay_lohan,126
46,mandy_moore,185
46,marion_raven,186
46,michelle_branch,209
46,michi,480
46,mihimaru_gt,550
46,mr.children,152
46,my_little_lover,130
46,natalie_imbruglia,283
46,rie_fu,391
46,skye_sweetnam,180
46,sophie_ellis-bextor,102
46,sowelu,143
46,stephanie,169
46,the_brilliant_green,420
46,the_veronicas,231
46,u2,269
46,yui,147
46,スキマスイッチ,296
46,上木彩矢,395
46,中島美嘉,859
46,伊藤由奈,298
46,伴都美子,871
46,倖田來未,253
46,加藤ミリヤ,678
46,壱岐尾彩花,138
46,大塚愛,446
46,宇多田ヒカル,324
46,宇浦冴香,395
46,安良城紅,593
46,山崎まさよし,165
46,島谷ひとみ,144
46,愛内里菜,159
46,木村カエラ,262
46,柴田淳,214
46,浜崎あゆみ,607
46,竹井詩織里,136
46,蔡依林,355
46,鈴木あみ,179
47,10cc,8
47,america,6
47,beck,6
47,bedhead,6
47,belle_and_sebastian,6
47,billy_eckstine,4
47,bob_dylan,9
47,bob_wills_&_his_texas_playboys,7
47,britta_phillips_&_dean_wareham,5
47,cream,7
47,damon_&_naomi,7
47,dick_dale,6
47,dinah_shore,4
47,dusty_springfield,6
47,elvis_costello_&_the_attractions,9
47,eric_clapton,9
47,frank_sinatra,11
47,galaxie_500,10
47,grace_jones,7
47,grand_funk_railroad,5
47,john_cale,5
47,junior_wells,8
47,led_zeppelin,8
47,low,7
47,luna,6
47,matthew_sweet,5
47,nico,5
47,nina_simone,10
47,peter_tosh,5
47,ride,5
47,small_faces,5
47,sonic_youth,9
47,spiritualized,5
47,stereolab,5
47,swervedriver,5
47,the_allman_brothers_band,5
47,the_feelies,5
47,the_flaming_lips,5
47,the_go-betweens,7
47,the_lovin'_spoonful,5
47,the_special_a.k.a.,5
47,the_specials,13
47,the_velvet_underground,7
47,the_wedding_present,7
47,the_who,7
47,traffic,5
48,arctic_monkeys,310
48,babyshambles,259
48,blur,451
48,david_bowie,114
48,delays,151
48,dirty_pretty_things,173
48,doves,113
48,editors,172
48,embrace,126
48,george_harrison,134
48,ian_brown,285
48,inspiral_carpets,639
48,james,1376
48,john_lennon,202
48,joy_division,134
48,kasabian,242
48,kings_of_leon,231
48,little_man_tate,250
48,manic_street_preachers,1010
48,maxïmo_park,517
48,milburn,145
48,new_order,108
48,oasis,423
48,ocean_colour_scene,923
48,paul_mccartney,164
48,paul_simon,458
48,paul_weller,254
48,pulp,226
48,r.e.m.,334
48,radiohead,216
48,richard_ashcroft,113
48,simon_&_garfunkel,474
48,small_faces,265
48,snow_patrol,388
48,starsailor,119
48,supergrass,493
48,the_beatles,1479
48,the_bluetones,505
48,the_charlatans,2015
48,the_coral,412
48,the_courteeners,334
48,the_cure,142
48,the_fratellis,120
48,the_futureheads,200
48,the_jam,661
48,the_libertines,235
48,the_prodigy,110
48,the_rolling_stones,113
48,the_stone_roses,194
48,the_strokes,198
48,the_thrills,131
48,the_twang,114
48,the_who,355
48,the_zutons,220
48,u2,116
49,beat_crusaders,346
49,blankey_jet_city,117
49,buzzcocks,72
49,dj_kawasaki,178
49,fantastic_plastic_machine,226
49,france_gall,139
49,franz_ferdinand,170
49,go!go!7188,79
49,great_adventure,115
49,grupo_batuque,119
49,halcali,288
49,halfby,547
49,hifana,131
49,husking_bee,103
49,i_am_robot_and_proud,336
49,jamiroquai,163
49,jazztronik,59
49,judy_and_mary,68
49,m-flo,60
49,mando_diao,85
49,pizzicato_five,147
49,radiohead,96
49,ramones,202
49,rip_slyme,2416
49,rosso,119
49,soil&"pimp"_sessions,105
49,sérgio_mendes,129
49,teriyaki_boyz,233
49,the_back_horn,73
49,the_birthday,619
49,the_chemical_brothers,85
49,the_clash,180
49,the_kinks,94
49,the_pogues,70
49,the_rolling_stones,132
49,the_who,114
49,thee_michelle_gun_elephant,1492
49,ストレイテナー,245
49,スネオヘアー,124
49,スピッツ,94
50,arlo_guthrie,189
50,billy_joel,124
50,bob_dylan,2318
50,bob_dylan_and_the_band,156
50,bruce_springsteen,234
50,bryan_ferry,184
50,buffalo_springfield,208
50,cat_stevens,157
50,cream,145
50,crosby_stills_&_nash,149
50,crosby_stills_nash_&_young,208
50,don_mclean,167
50,donovan,356
50,fairport_convention,203
50,george_harrison,156
50,jimi_hendrix,173
50,joan_baez,339
50,john_lennon,139
50,johnny_cash,247
50,jonas_brothers,120
50,leonard_cohen,656
50,lou_reed,177
50,love,130
50,neil_young,262
50,neil_young_&_crazy_horse,122
50,nick_drake,172
50,paul_simon,172
50,phil_ochs,197
50,queen,400
50,r.e.m.,178
50,ramblin'_jack_elliott,210
50,richie_havens,166
50,simon_&_garfunkel,459
50,stevie_wonder,151
50,tenpole_tudor,114
50,the_band,218
50,the_beach_boys,265
50,the_beatles,460
50,the_byrds,924
50,the_hollies,186
50,the_kinks,242
50,the_lovin'_spoonful,141
50,the_mamas_&_the_papas,112
50,the_move,151
50,the_rolling_stones,216
50,the_velvet_underground,185
50,the_zombies,164
50,tim_buckley,217
50,tom_waits,348
50,traveling_wilburys,236
50,van_morrison,191
50,woody_guthrie,304
51,30_seconds_to_mars,106
51,annie_lennox,46
51,banderas,104
51,blue_foundation,123
51,bon_jovi,53
51,britney_spears,83
51,bruce_springsteen,46
51,ceremony,35
51,chris_richardson,47
51,cyndi_lauper,32
51,daniel_merriweather,37
51,david_archuleta,49
51,david_cook,132
51,depeche_mode,107
51,devonsquare,82
51,dolores_o'riordan,133
51,dragonette,60
51,eurythmics,45
51,evermore,146
51,fleetwood_mac,365
51,garbage,148
51,goldfrapp,92
51,green_day,130
51,helena_paparizou,198
51,hooverphonic,202
51,inxs,94
51,j.j.,101
51,james,128
51,jars_of_clay,246
51,kelly_clarkson,60
51,kris_allen,105
51,lady_gaga,62
51,ladyhawke,65
51,ladytron,218
51,little_boots,107
51,madonna,320
51,mando_diao,57
51,mariah_carey,176
51,metric,101
51,michael_jackson,166
51,new_kids_on_the_block,92
51,no_doubt,49
51,noisettes,88
51,patrick_nuo,38
51,pet_shop_boys,124
51,pink,35
51,pixie_lott,115
51,queensberry,47
51,r.e.m.,56
51,reamonn,41
51,reo_speedwagon,46
51,river_city_people,58
51,roxette,71
51,september,57
51,shakira,118
51,sharleen_spiteri,113
51,sheryl_crow,70
51,simple_plan,145
51,simply_red,55
51,sneaker_pimps,37
51,take_that,60
51,texas,123
51,the_bangles,55
51,the_beatles,101
51,the_cardigans,32
51,the_corrs,87
51,the_cranberries,130
51,the_heart_throbs,115
51,the_pretenders,44
51,the_rolling_stones,102
51,the_script,50
51,theo_tams,147
51,u2,1162
51,whitney_houston,178
52,alex_beaupain,60
52,annuals,68
52,ben_folds,111
52,ben_folds_five,61
52,ben_kweller,96
52,bob_dylan,193
52,brian_eno,98
52,buddy_holly,168
52,buddy_holly_&_the_crickets,63
52,caitlin_rose,103
52,chuck_berry,90
52,david_bowie,150
52,dispatch,58
52,elliott_smith,92
52,elvis_presley,71
52,flat_duo_jets,73
52,hank_williams,173
52,irma_thomas,67
52,jean-yves_thibaudet,118
52,jeff_buckley,102
52,jeffrey_lewis,59
52,jens_lekman,369
52,jonathan_richman,150
52,kings_of_leon,87
52,lcd_soundsystem,66
52,los_zafiros,105
52,mgmt,55
52,neil_young,112
52,of_montreal,57
52,okkervil_river,72
52,old_crow_medicine_show,116
52,phoenix,103
52,stan_getz_&_joão_gilberto,64
52,sufjan_stevens,76
52,the_avett_brothers,121
52,the_beach_boys,73
52,the_beatles,225
52,the_decemberists,64
52,the_everly_brothers,76
52,the_features,532
52,the_kinks,215
52,the_louvin_brothers,113
52,the_modern_lovers,61
52,the_new_pornographers,66
52,the_shins,82
52,the_velvet_underground,147
52,the_walkmen,68
52,the_white_stripes,73
52,uncle_tupelo,60
52,van_morrison,100
52,vovo,57
52,wanda_jackson,66
52,weezer,182
52,yo_la_tengo,99
52,zumpano,75
53,all_shall_perish,79
53,all_that_remains,113
53,amoral,89
53,as_i_lay_dying,100
53,blind,112
53,boney_nem,212
53,children_of_bodom,120
53,compos_mentis,96
53,dark_age,300
53,dark_tranquillity,92
53,die_apokalyptischen_reiter,137
53,disarmonia_mundi,108
53,distemper,297
53,dream_evil,122
53,eluveitie,349
53,equilibrium,80
53,fool's_garden,84
53,helltrain,99
53,imperanon,93
53,in_extremo,120
53,in_flames,292
53,killswitch_engage,110
53,kiuas,156
53,lordi,122
53,lords_of_decadence,139
53,mechanical_poet,466
53,nightrage,85
53,norther,134
53,osi,116
53,parkway_drive,124
53,protest_the_hero,113
53,raintime,79
53,roadrunner_united,82
53,scar_symmetry,273
53,scartown,131
53,shadow_gallery,217
53,shadows_fall,79
53,soilwork,543
53,sonic_syndicate,247
53,subway_to_sally,86
53,the_academy_of_ancient_music._jaap_schroder._christopher_hogwood,197
53,zz_top,266
53,Александр_Пушной,96
53,Арда,134
53,Ольви,156
53,Тролль_Гнёт_Ель,88
53,ХЗ,88
53,Эпидемия,106
54,adiemus,6
54,al_di_meola,3
54,amethystium,4
54,banco_de_gaia,3
54,brian_eno,3
54,celtic_spirit,3
54,celtic_woman,10
54,clannad,10
54,dan_bárta,4
54,dave_weckl,5
54,dave_weckl_band,7
54,delerium,4
54,dennis_chambers,9
54,deva_premal,4
54,enigma,7
54,era,11
54,eyes_of_eden,5
54,georgian_voices,3
54,inkubus_sukkubus,3
54,j.a.r.,4
54,jaco_pastorius,6
54,jeff_lorber,4
54,jordan_rudess,3
54,karunesh,6
54,kryštof,3
54,loreena_mckennitt,9
54,meditation,3
54,mediæval_bæbes,6
54,monkey_business,6
54,niacin,5
54,nitin_sawhney,3
54,on_the_virg,14
54,rodrigo_rodriguez,4
54,secret_garden,8
54,sexy_dancers,3
54,spastic_ink,3
54,stellamara,8
54,talvin_singh,10
54,the_chieftains,3
54,the_corrs,6
54,the_kells,3
54,the_presidents_of_the_united_states_of_america,12
54,tm_juke,3
54,vangelis,4
54,victor_wooten,5
54,vinnie_colaiuta,4
54,Éric_lévi,4
55,adriana_varela,8
55,agustin_lara,7
55,alci_acosta,5
55,alfredo_de_angelis,8
55,alfredo_gobbi,5
55,anibal_troilo,11
55,antonio_machín,7
55,astor_piazzolla,7
55,benny_more,5
55,carlos_gardel,8
55,celtic_woman,24
55,color_tango,6
55,daniel_santos,9
55,eddie_palmieri,6
55,edmundo_rivero,9
55,felipe_pirela,8
55,francisco_canaro,12
55,javier_solis,6
55,john_coltrane,6
55,josé_feliciano,13
55,juan_darienzo,7
55,julio_de_caro,9
55,julio_jaramillo,6
55,julio_sosa,8
55,leo_marini,10
55,leopoldo_federico,5
55,libertad_lamarque,7
55,lino_borges,6
55,los_dandys,6
55,los_tres_ases,7
55,los_tres_diamantes,6
55,lucho_gatica,7
55,mariano_mores,5
55,miguel_calo,9
55,olga_guillot,9
55,osvaldo_fresedo,8
55,osvaldo_pugliese,11
55,patrick_williams,24
55,pedro_laurenz,10
55,pedro_vargas,7
55,quinteto_pirincho,7
55,roberto_firpo,10
55,sexteto_mayor,29
55,tito_rodriguez,11
55,trío_los_panchos,7
55,Édith_piaf,18
56,against_me!,1308
56,blondie,256
56,bob_dylan,460
56,bob_hund,516
56,charta_77,386
56,cypress_hill,317
56,dire_straits,242
56,dropkick_murphys,479
56,ebba_grön,1997
56,flogging_molly,1031
56,guns_n_roses,239
56,imperiet,550
56,jay-z,256
56,jimi_hendrix,255
56,kaizers_orchestra,240
56,kent,599
56,looptroop,557
56,miles_davis,290
56,moby,244
56,monica_zetterlund,276
56,morrissey,373
56,mötley_crüe,322
56,nintendo,478
56,no_doubt,431
56,pearl_jam,450
56,pink_floyd,533
56,queen,2055
56,rage_against_the_machine,373
56,randy,311
56,sahara_hotnights,391
56,sex_pistols,516
56,slagsmålsklubben,272
56,strindbergs,279
56,svenska_akademien,1797
56,t.o.k.,230
56,the_clash,1132
56,the_darkness,247
56,the_doors,688
56,the_hives,284
56,the_latin_kings,324
56,the_pogues,298
56,the_police,275
56,the_smiths,583
56,the_stooges,236
56,thåström,927
56,timbuktu,1041
56,tool,274
56,toto,988
56,various_artists,331
57,abikyokan,61
57,animal_collective,37
57,antony_and_the_johnsons,22
57,arthur_russell,85
57,beck,18
57,björk,18
57,broadcast,91
57,can,36
57,caribou,25
57,david_bowie,75
57,depeche_mode,24
57,devo,21
57,faust,23
57,fridge,19
57,gang_gang_dance,54
57,gil_scott-heron,22
57,hercules_and_love_affair,52
57,high_places,42
57,hot_chip,112
57,kate_bush,46
57,koushik,57
57,kraftwerk,20
57,ladytron,20
57,lindstrøm_&_prins_thomas,36
57,miles_davis,24
57,monade,28
57,neil_young,46
57,new_order,60
57,of_montreal,46
57,pet_shop_boys,31
57,portishead,35
57,prince,34
57,prince_&_the_revolution,18
57,r.e.m.,76
57,robert_wyatt,41
57,roxy_music,23
57,sam_prekop,20
57,steely_dan,33
57,stereolab,395
57,stevie_wonder,35
57,talking_heads,31
57,the_cure,28
57,the_human_league,28
57,the_sea_and_cake,155
57,todd_rundgren,46
57,tortoise,102
57,trans_am,35
58,2002,13
58,adiemus,13
58,aeoliah,16
58,alex_e._smith_&_cheevers_toppah,17
58,amethystium,37
58,ancient_brotherhood,18
58,andrew_vasquez,11
58,burning_sky,10
58,celtic_spirit,11
58,cheryl_ann_fulton,17
58,chorus_of_tribes,19
58,clannad,11
58,conjure_one,12
58,deep_forest,11
58,douglas_blue_feather,13
58,dreamweaver,113
58,enigma,51
58,era,40
58,indians,81
58,j._reuben_silverbird,25
58,joanne_shenandoah,15
58,karen_matheson,11
58,karunesh,11
58,liquid_mind,12
58,medicine_dream,12
58,medwyn_goodall,55
58,mehdi,10
58,mesa_music_consort,33
58,mishi_donovan,13
58,mythos,18
58,navajo,16
58,oliver_shanti,18
58,robert_mirabal,11
58,sacred_spirit,68
58,sharon_burch,10
58,spirit_nation,11
58,steve_gordon_&_deborah_martin,12
58,tony_oconnor,13
58,troika,38
58,verdell_primeaux,21
59,am,27
59,jets_under_fire,17
60,alice_russell,212
60,atjazz,210
60,beady_belle,439
60,blonde_redhead,154
60,brad_mehldau,162
60,brooklyn_funk_essentials,118
60,clara_hill,118
60,cocorosie,147
60,dave_matthews_band,140
60,de-phazz,157
60,diana_krall,153
60,dzihan_&_kamien,201
60,erik_truffaz,328
60,esbjörn_svensson_trio,198
60,goran_bregovic,158
60,groove_collective,422
60,hiromi,122
60,incognito,941
60,jaga_jazzist,111
60,jamie_cullum,127
60,jamiroquai,836
60,jazzanova,461
60,jazztronik,262
60,joy_division,126
60,kyoto_jazz_massive,323
60,lewis_taylor,121
60,marcus_miller,211
60,marvin_gaye,245
60,massive_attack,152
60,micatone,450
60,moloko,225
60,mondo_grosso,215
60,nick_cave_and_the_bad_seeds,159
60,nightmares_on_wax,217
60,nils_petter_molvær,218
60,plej,126
60,porcupine_tree,119
60,radiohead,421
60,róisín_murphy,112
60,st._germain,248
60,the_brand_new_heavies,127
60,the_james_taylor_quartet,272
60,the_smiths,138
60,the_verve,188
60,thievery_corporation,116
60,tindersticks,157
60,tori_amos,505
60,united_future_organization,165
61,antony_and_the_johnsons,52
61,april_march,48
61,be_your_own_pet,33
61,bikini_kill,60
61,black_flag,163
61,black_lips,100
61,crystal_castles,50
61,deerhoof,108
61,devendra_banhart,42
61,dolly_parton,37
61,françoise_hardy,144
61,gogol_bordello,35
61,gorilla_biscuits,45
61,jenny_lewis_with_the_watson_twins,32
61,joan_jett_and_the_blackhearts,34
61,juliette_&_the_licks,39
61,leonard_cohen,58
61,minor_threat,49
61,misfits,125
61,napoleon_xiv,39
61,nick_cave,31
61,nick_cave_and_the_bad_seeds,235
61,nouvelle_vague,32
61,of_montreal,45
61,oingo_boingo,39
61,peaches,74
61,peggy_lee,53
61,rufus_wainwright,39
61,screamin_jay_hawkins,60
61,stereo_total,59
61,subhumans,37
61,syd_barrett,32
61,the_b-52s,82
61,the_black_keys,50
61,the_blow,65
61,the_cramps,187
61,the_doors,37
61,the_dresden_dolls,36
61,the_exploited,35
61,the_fiery_furnaces,49
61,the_gossip,129
61,the_grates,39
61,the_kills,35
61,the_zombies,40
61,tiny_tim,32
61,tom_waits,95
61,turbonegro,73
61,Édith_piaf,126
62,a_fine_frenzy,75
62,adam_green,39
62,belle_and_sebastian,40
62,buena_vista_social_club,44
62,clueso,59
62,coldplay,106
62,colin_hay,33
62,counting_crows,44
62,cute_is_what_we_aim_for,48
62,death_cab_for_cutie,353
62,deichkind,68
62,die_toten_hosen,73
62,die_Ärzte,148
62,evanescence,57
62,farin_urlaub,77
62,foo_fighters,34
62,glen_hansard_&_marketa_irglova,34
62,ich_+_ich,71
62,incubus,46
62,jack_johnson,123
62,jamaram,56
62,keane,41
62,kimya_dawson,158
62,linkin_park,57
62,madsen,44
62,mando_diao,84
62,marvin_gaye_&_tammi_terrell,119
62,mono_&_nikitaman,58
62,nouvelle_vague,36
62,ok_go,36
62,paolo_nutini,44
62,paramore,37
62,peter_cincotti,46
62,peterlicht,43
62,plan_x,43
62,razorlight,62
62,seeed,52
62,silbermond,119
62,sportfreunde_stiller,35
62,story_of_the_year,38
62,sugarplum_fairy,45
62,tegan_and_sara,216
62,the_fray,86
62,the_kooks,90
62,the_strokes,43
62,three_days_grace,50
62,tom_jones,76
63,a_perfect_circle,23
63,amy_macdonald,55
63,antimatter,111
63,archive,69
63,bach_-_gv_-_jarrett,126
63,belle_and_sebastian,46
63,blackfield,110
63,blind_guardian,470
63,blizzard,49
63,coldplay,1844
63,damien_rice,27
63,duncan_dhu,51
63,elend,25
63,elvis_presley,83
63,enigma,66
63,enya,291
63,herman_düne,43
63,johann_sebastian_bach,210
63,josh_groban,207
63,keane,583
63,kt_tunstall,194
63,led_zeppelin,162
63,lifehouse,108
63,loreena_mckennitt,35
63,louis_armstrong,24
63,maksim_mrvica,34
63,manu_chao,23
63,moby,365
63,nightwish,63
63,no-man,30
63,notre-dame_de_paris,38
63,philippe_vachey,38
63,queen,48
63,radiohead,2032
63,robbie_williams,52
63,schiller,40
63,the_beatles,745
63,the_coral,22
63,the_decemberists,633
63,the_doors,34
63,the_proclaimers,205
63,travis,2118
63,u2,676
63,vangelis,428
64,2pac,126
64,2sleepy,155
64,air_traffic,213
64,antony_and_the_johnsons,115
64,black_rebel_motorcycle_club,228
64,bloc_party,143
64,brazzaville,228
64,calla,141
64,coldplay,272
64,cut_copy,129
64,depeche_mode,139
64,editors,159
64,emancipator,187
64,girl_talk,136
64,gorillaz,98
64,grand_national,126
64,hot_chip,230
64,iamx,126
64,jacknife_lee,90
64,kasabian,186
64,klaxons,153
64,kylie_minogue,85
64,lamb,136
64,lcd_soundsystem,218
64,massive_attack,93
64,mgmt,92
64,moloko,98
64,n*e*r*d,162
64,new_radicals,94
64,nine_inch_nails,250
64,patrick_wolf,84
64,portishead,89
64,radiohead,817
64,stateless,212
64,teddybears,84
64,the_black_ghosts,98
64,the_cardigans,89
64,the_cinematic_orchestra,141
64,the_cooper_temple_clause,147
64,the_exies,137
64,the_killers,103
64,the_kooks,512
64,the_presets,105
64,the_raconteurs,118
64,trentemøller,115
64,unkle,112
65,adult.,32
65,art_brut,23
65,baustelle,36
65,blue_Öyster_cult,41
65,blur,18
65,cesare_basile,19
65,clint_mansell,44
65,death_in_vegas,19
65,depeche_mode,29
65,dick_dale,26
65,dick_dale_and_his_del-tones,30
65,dragibus,39
65,eddie_vedder,22
65,ellen_allien,22
65,elton_john,43
65,foghat,34
65,fugazi,63
65,grandaddy,28
65,helmet,30
65,in_the_panchine,41
65,johnny_cash,51
65,liars,25
65,lynyrd_skynyrd,28
65,m.i.a.,177
65,madredeus,24
65,marissa_nadler,35
65,matmos,20
65,misfits,21
65,miss_violetta_beauregarde,26
65,mudhoney,62
65,nancy_sinatra,22
65,nazareth,28
65,pizzicato_five,26
65,portishead,38
65,rise_against,32
65,sigur_rós,23
65,slogun,26
65,social_distortion,34
65,the_beatles,42
65,the_dream_syndicate,36
65,to_kill_a_petty_bourgeoisie,25
65,tricky,18
65,vinicio_capossela,47
66,alamedas,17
66,ana_torroja,4
66,andrés_calamaro,5
66,arcángel_&_de_la_ghetto,3
66,babasónicos,10
66,bob_sinclar,9
66,caetano_veloso,6
66,café_tacuba,10
66,coiffeur,19
66,daddy_yankee,13
66,gepe,7
66,golem,42
66,gustavo_cerati,12
66,inmigrantes,3
66,javiera_mena,4
66,joe_vasconcellos,9
66,joão_gilberto,68
66,justin_timberlake,3
66,kc_and_the_sunshine_band,3
66,kevin_johansen,3
66,la_mano_ajena,9
66,la_pozze_latina,3
66,los_abuelos_de_la_nada,12
66,los_auténticos_decadentes,6
66,los_bunkers,3
66,los_rodríguez,12
66,lucybell,8
66,manu_chao,9
66,metallica,5
66,ricardo_villalobos,16
66,rupee,7
66,sean_paul,3
66,silvio_rodríguez,88
66,soda_stereo,63
66,the_kooks,5
66,the_strokes,14
66,the_thrills,4
66,tiziano_ferro,9
67,abba,29
67,adele,26
67,alicia_keys,22
67,beyoncé,29
67,black_eyed_peas,90
67,boyd_kosiyabong,165
67,brendan_benson,22
67,chromeo,22
67,clazziquai,30
67,earth_wind_&_fire,31
67,elton_john,35
67,friday,27
67,groove_riders,51
67,jim_gaffigan,81
67,joey_boy,25
67,john_legend,59
67,jung_il-young,33
67,junior_senior,42
67,kc_and_the_sunshine_band,35
67,lighthouse_family,40
67,loveholic,28
67,lula,57
67,macy_gray,27
67,maria_montell,25
67,maroon_5,68
67,mary_j._blige,31
67,mika,30
67,moderndog,195
67,paradox,74
67,pause,38
67,santana,26
67,sérgio_mendes,58
67,t-bone,28
67,tattoo_colour,22
67,the_beatles,28
67,the_bird_and_the_bee,28
67,the_ting_tings,31
67,yokee_playboy,92
67,ติ๊ก_ชีโร่,24
67,어른아이,22
68,a-ha,200
68,acoustic_alchemy,310
68,al_jarreau,214
68,alesha_dixon,40
68,andreas_vollenweider,41
68,britney_spears,312
68,camila,402
68,candy_dulfer,157
68,christina_aguilera,94
68,delta_goodrem,94
68,eliza_lumley,60
68,erroll_garner,192
68,estelle_desanges,134
68,faith_hill,99
68,fragma,69
68,gabin,39
68,gabriella_cilmi,35
68,george_benson_&_al_jarreau,35
68,gerard_darmon,38
68,hilary_duff,94
68,honey_honey,136
68,jazzamor,256
68,jojo,45
68,joss_stone,179
68,katharine_mcphee,55
68,katie_melua,71
68,katy_perry,61
68,kreesha_turner,65
68,leona_lewis,43
68,los_angeles_guitar_quartet,56
68,marcus_miller,276
68,mindi_abair,92
68,norah_jones,56
68,paco_de_lucía,172
68,rodrigo_y_gabriela,122
68,september,54
68,shakira,46
68,shania_twain,53
68,sophie_ellis-bextor,139
68,terry_callier,115
69,acidman,52
69,advantage_lucy,157
69,andrew_bird,182
69,arcade_fire,59
69,bonobo,104
69,broken_social_scene,499
69,built_to_spill,54
69,cat_power,185
69,coldplay,146
69,doves,65
69,editors,97
69,electrelane,302
69,elefant,138
69,feist,528
69,fjord_rowboat,483
69,garbage,368
69,go!go!7188,275
69,howling_bells,175
69,hybrid,110
69,i_love_you_but_i've_chosen_darkness,114
69,interpol,382
69,kaki_king,440
69,kasabian,137
69,kings_of_convenience,124
69,land_of_talk,254
69,love_of_diagrams,115
69,magneta_lane,153
69,mandalay,58
69,metric,231
69,mew,53
69,modest_mouse,100
69,monomen,60
69,nirvana,62
69,nujabes,65
69,oasis,256
69,organ,142
69,peter_bjorn_and_john,100
69,pixies,153
69,portishead,370
69,red_hot_chili_peppers,46
69,rilo_kiley,110
69,sea_wolf,123
69,starflyer_59,79
69,stars,213
69,tegan_and_sara,1180
69,the_go!_team,721
69,tortoise,72
70,a_perfect_circle,115
70,afterhours,722
70,akira_kosemura,175
70,almamegretta,106
70,amon_tobin,90
70,après_la_classe,183
70,asian_dub_foundation,315
70,bloc_party,578
70,broken_social_scene,82
70,crystal_castles,494
70,daft_punk,190
70,depeche_mode,520
70,editors,103
70,explosions_in_the_sky,600
70,faithless,114
70,foals,82
70,fujiya_&_miyagi,89
70,gatto_ciliegia_contro_il_grande_freddo,173
70,god_is_an_astronaut,155
70,il_teatro_degli_orrori,151
70,interpol,91
70,john_zorn,86
70,joy_division,142
70,marta_sui_tubi,79
70,massive_attack,332
70,mgmt,79
70,morgan,72
70,morphine,124
70,motel_connection,75
70,múm,118
70,nine_inch_nails,131
70,nouvelle_vague,116
70,one_dimensional_man,103
70,orbital,110
70,pixies,177
70,portishead,83
70,radiohead,309
70,rage_against_the_machine,240
70,razorlight,232
70,red_hot_chili_peppers,87
70,rino_gaetano,112
70,röyksopp,73
70,subsonica,89
70,the_cure,558
70,thedubsync,132
70,thievery_corporation,334
70,tiësto,79
70,tool,183
70,tycho,85
71,apollo_440,33
71,atb,14
71,beastie_boys,21
71,ben_lee,21
71,bill_burr,32
71,bluejuice,15
71,captain_dan_&_the_scurvy_crew,24
71,de_la_soul,20
71,dean_gray,16
71,del_tha_funkee_homosapien,15
71,deltron_3030,19
71,dido,27
71,dirty_vegas,35
71,dj_bc,62
71,dj_danger_mouse,12
71,dragonforce,17
71,faithless,16
71,girl_talk,42
71,goodbye_country_(hello_nightcl,13
71,hybrid,44
71,iron_maiden,42
71,jaydiohead,15
71,joe_satriani,57
71,jon_lajoie,13
71,kosheen,20
71,kutiman,26
71,leftfield,30
71,lewis_black,14
71,mc_frontalot,18
71,moby,13
71,morcheeba,34
71,n.a.s.a.,37
71,neil_diamond,10
71,paul_simon,42
71,placebo,16
71,queen,10
71,rammstein,17
71,resin_dogs,26
71,ron_white,31
71,röyksopp,54
71,shpongle,25
71,soul_coughing,15
71,steve_vai,21
71,tenacious_d,16
71,the_chemical_brothers,23
71,the_hood_internet,99
71,the_offspring,29
71,the_presidents_of_the_united_states_of_america,25
71,the_prodigy,36
72,ablaze_my_sorrow,91
72,amorphis,125
72,apulanta,67
72,arch_enemy,87
72,asa,385
72,avain,79
72,bad_religion,114
72,blood_stain_child,198
72,bloodhound_gang,69
72,charon,115
72,children_of_bodom,161
72,cmx,387
72,coldplay,322
72,d-a-d,145
72,dark_tranquillity,155
72,eläkeläiset,140
72,eternal_tears_of_sorrow,128
72,green_day,118
72,hard-fi,98
72,him,253
72,in_flames,138
72,julma-henri_&_syrjäytyneet,211
72,kaija_koo,84
72,lauri_tähkä_&_elonkerjuu,137
72,leevi_and_the_leavings,136
72,mad_sin,115
72,marilyn_manson,165
72,metallica,68
72,muse,172
72,naglfar,112
72,nas,75
72,nekromantix,150
72,oasis,78
72,paprika_korps,67
72,placebo,70
72,red_hot_chili_peppers,115
72,sentenced,96
72,shade_empire,78
72,sir_elwoodin_hiljaiset_värit,79
72,snow_patrol,125
72,tehosekoitin,106
72,the_elysian_fields,98
72,tiger_army,300
72,viikate,374
72,volbeat,103
73,abba,30
73,amy_grant,34
73,andy_kim,23
73,barenaked_ladies,32
73,ben_folds,32
73,bernward_koch,26
73,billy_joel,73
73,bryan_adams,33
73,carole_king,18
73,counting_crows,27
73,cyndi_lauper,37
73,daniel_powter,21
73,darlene_zschech,24
73,david_lanz,16
73,die_prinzen,86
73,elton_john,30
73,fernando_ortega,16
73,ffh,30
73,georg_friedrich_händel,22
73,george_winston,53
73,greg_maroney,16
73,hans_zimmer,35
73,hanson,25
73,herbert_grönemeyer,71
73,jeremy_camp,23
73,jim_brickman,15
73,jimmy_buffett,17
73,john_tesh,24
73,josh_ritter,25
73,keane,64
73,kelly_clarkson,33
73,kevin_kern,22
73,kim_wilde,27
73,laura_sullivan,16
73,lindsay_lohan,33
73,ludovico_einaudi,24
73,mandy_moore,29
73,matt_redman,22
73,michael_bublé,25
73,michael_holm,33
73,michael_jackson,21
73,michael_w._smith,35
73,passion,25
73,paul_baloche,17
73,peter_kater,25
73,petra,22
73,philip_aaberg,23
73,queen,35
73,r.e.m.,24
73,rich_mullins,16
73,robin_spielberg,36
73,roxette,34
73,rufus_wainwright,30
73,samantha_fox,40
73,sara_groves,23
73,savage_garden,21
73,scott_joplin,23
73,simon_&_garfunkel,29
73,stacie_orrico,33
73,starfield,28
73,steven_curtis_chapman,33
73,sting,27
73,take_that,36
73,the_beach_boys,22
73,the_feeling,16
73,third_day,21
73,thirteen_senses,16
73,tight_fit,17
73,tim_hughes,28
73,tobymac,29
73,travis,35
73,vladimir_ashkenazy,15
73,whitney_houston,38
73,wise_guys,39
74,a_hawk_and_a_hacksaw,79
74,althea_&_donna,80
74,animal_collective,114
74,ann_sexton,122
74,arthur_russell,70
74,battles,67
74,beach_house,154
74,beirut,76
74,bill_callahan,72
74,blonde_redhead,127
74,bob_dylan,91
74,brandy,65
74,brightblack_morning_light,158
74,burning_spear,75
74,camera_obscura,146
74,captain_beefheart_&_his_magic_band,160
74,cat_power,80
74,chad_vangaalen,64
74,deerhunter,94
74,department_of_eagles,101
74,dungen,84
74,el_perro_del_mar,169
74,essential_logic,115
74,fanfare_ciocărlia,119
74,feist,133
74,fleet_foxes,130
74,france_gall,152
74,françoise_hardy,177
74,fugazi,83
74,gene_clark,106
74,grizzly_bear,102
74,high_places,86
74,holly_golightly,72
74,holly_golightly_&_the_brokeoffs,81
74,iron_&_wine,177
74,jenny_wilson,102
74,jonathan_richman,168
74,lambchop,113
74,marissa_nadler,71
74,mazzy_star,107
74,melvins,79
74,mulatu_astatke,93
74,mulatu_astatke_and_his_ethiopian_quintet,165
74,neko_case,104
74,nina_simone,76
74,of_montreal,238
74,pere_ubu,122
74,radiohead,85
74,the_bees,71
74,the_magnetic_fields,208
74,the_ruby_suns,74
74,vashti_bunyan,93
74,vetiver,72
75,afi,502
75,air,705
75,animal_collective,412
75,architecture_in_helsinki,1134
75,bloodlined_calligraphy,445
75,bright_eyes,1008
75,circa_survive,476
75,dandi_wind,627
75,death_cab_for_cutie,1838
75,desaparecidos,272
75,feist,277
75,iamx,401
75,idiot_pilot,298
75,ladytron,367
75,le_tigre,491
75,massive_attack,423
75,metric,676
75,mindless_self_indulgence,944
75,muse,766
75,neutral_milk_hotel,504
75,nirvana,323
75,o-zone,299
75,placebo,715
75,radiohead,2849
75,red_hot_chili_peppers,403
75,reel_big_fish,265
75,rilo_kiley,3478
75,röyksopp,259
75,scissor_sisters,272
75,slagsmålsklubben,296
75,sneaker_pimps,401
75,squarepusher,319
75,sublime,354
75,sufjan_stevens,418
75,the_black_dahlia_murder,266
75,the_blood_brothers,1867
75,the_decemberists,310
75,the_faint,1008
75,the_flaming_lips,359
75,the_new_pornographers,1007
75,the_postal_service,1271
75,the_shins,1593
75,the_smashing_pumpkins,1992
75,the_unicorns,401
75,thievery_corporation,1365
75,violent_femmes,449
76,7_seconds,341
76,999,85
76,antidote,1201
76,antidote_(holland),114
76,appendix,212
76,asta_kask,1383
76,bezerra_da_silva,384
76,black_flag,83
76,blitz,425
76,bones_brigade,259
76,charles_bronson,92
76,chron_gen,79
76,crude_s.s.,98
76,cólera,82
76,dag_nasty,72
76,descendents,101
76,dfc,267
76,discharge,72
76,dzk,72
76,funeral_dress,116
76,garotos_podres,329
76,klamydia,270
76,minor_threat,130
76,mukeka_di_rato,483
76,olho_seco,83
76,operation_ivy,100
76,oxymoron,108
76,ramones,1544
76,rancid,126
76,ratos_de_porão,147
76,sabotage,190
76,secret_suburbia,88
76,social_distortion,201
76,stiff_little_fingers,290
76,suicidal_tendencies,246
76,the_adicts,96
76,the_adolescents,165
76,the_clash,1148
76,the_germs,396
76,the_rezillos,86
76,the_suspects,159
76,the_varukers,1202
76,the_vibrators,98
77,aerosmith,244
77,agua_de_annique,399
77,amon_amarth,436
77,apocalyptica,919
77,ayreon,270
77,blind_guardian,517
77,bob_marley,227
77,children_of_bodom,469
77,clawfinger,505
77,coldplay,287
77,depeche_mode,286
77,desmod,353
77,dimmu_borgir,306
77,duran_duran,275
77,elán,494
77,exodus,224
77,faith_no_more,279
77,fear_factory,631
77,franz_ferdinand,323
77,godsmack,1839
77,guns_n_roses,469
77,horkýže_slíže,511
77,imt_smile,419
77,iron_maiden,335
77,jamiroquai,313
77,john_williams,294
77,kabát,1234
77,koЯn,1475
77,lucie,442
77,megadeth,257
77,metallica,2640
77,nightwish,265
77,nirvana,986
77,oasis,291
77,opeth,267
77,orkrist,261
77,p.o.d.,349
77,pantera,471
77,pearl_jam,461
77,polemic,273
77,queen,841
77,r.e.m.,432
77,rammstein,1165
77,red_hot_chili_peppers,1365
77,richard_müller,345
77,santana,396
77,sepultura,307
77,soulfly,601
77,system_of_a_down,660
77,u2,731
78,a_perfect_circle,43
78,a_perfect_murder,22
78,absu,32
78,agalloch,31
78,agathodaimon,73
78,alice_in_chains,27
78,amon_amarth,45
78,apocalyptica,93
78,arch_enemy,70
78,bloodbath,36
78,candlemass,35
78,cannibal_corpse,22
78,carach_angren,42
78,carcass,38
78,catamenia,23
78,children_of_bodom,242
78,cradle_of_filth,33
78,dark_faces,36
78,dark_fortress,74
78,dark_tranquillity,22
78,darkane,21
78,death,68
78,def_leppard,23
78,deicide,36
78,dimmu_borgir,32
78,dream_theater,30
78,einherjer,35
78,faerghail,75
78,frank_sinatra,33
78,funeral_rape,26
78,guns_n'_roses,31
78,hypocrisy,23
78,illnath,32
78,immortal,48
78,immortal_souls,21
78,in_flames,21
78,iron_maiden,27
78,judas_priest,20
78,knights_of_the_abyss,31
78,koЯn,62
78,kreator,29
78,kult,38
78,lamb_of_god,41
78,led_zeppelin,44
78,megadeth,41
78,metallica,25
78,necrophagist,37
78,nirvana,48
78,nocte_obducta,37
78,pantera,37
78,pig_destroyer,21
78,radiohead,25
78,satyricon,26
78,scorpions,28
78,sigur_rós,21
78,sinergy,61
78,slayer,64
78,stone_temple_pilots,41
78,testament,41
78,the_beatles,46
78,the_doors,67
78,trivium,24
78,tsjuder,51
78,tvangeste,36
78,within_temptation,37
79,alan_silvestri,6
79,alexandre_desplat,5
79,alexz_johnson,5
79,as_i_lay_dying,38
79,avril_lavigne,90
79,christina_stürmer,7
79,cradle_of_filth,4
79,danny_elfman,11
79,die_Ärzte,7
79,eisregen,43
79,elliot_goldenthal,4
79,emilie_autumn,7
79,evanescence,27
79,fefe_dobson,9
79,giora_feidman,10
79,groove_coverage,109
79,haggard,4
79,hans_zimmer,8
79,him,59
79,howard_shore,9
79,in_extremo,28
79,james_morrison,19
79,james_newton_howard,7
79,john_williams,8
79,katy_perry,10
79,klaus_badelt,5
79,letzte_instanz,10
79,lillix,7
79,mariha,15
79,michael_kamen,4
79,nightwish,55
79,nirvana,12
79,patrick_doyle,6
79,pink,8
79,r.e.m.,17
79,randy_edelman,5
79,saltatio_mortis,10
79,skye_sweetnam,9
79,soundtrack,116
79,subway_to_sally,14
79,tanz_der_vampire,126
79,the_rasmus,62
79,the_veronicas,6
79,thomas_newman,5
79,trevor_jones,6
79,trevor_rabin,4
80,alkaline_trio,31
80,anna_ternheim,28
80,arctic_monkeys,35
80,band_of_horses,43
80,blink-182,114
80,bon_iver,25
80,burning_airlines,21
80,camera_obscura,75
80,chad_vangaalen,41
80,coldplay,39
80,copeland,59
80,dashboard_confessional,65
80,death_cab_for_cutie,28
80,eisley,110
80,fall_out_boy,23
80,fever_ray,60
80,fionn_regan,23
80,fleet_foxes,25
80,fleetwood_mac,126
80,foo_fighters,31
80,good_old_war,119
80,guided_by_voices,30
80,guillemots,57
80,jacks_mannequin,37
80,jeff_buckley,33
80,jenny_lewis,62
80,john_mayer,197
80,john_mayer_trio,34
80,josé_gonzález,118
80,justin_timberlake,38
80,kanye_west,71
80,kings_of_convenience,49
80,maritime,32
80,mates_of_state,37
80,nada_surf,154
80,nightmare_of_you,26
80,of_montreal,201
80,owen,295
80,panic_at_the_disco,40
80,radiohead,21
80,rufus_wainwright,22
80,röyksopp,69
80,sam_cooke,44
80,samamidon,44
80,saves_the_day,26
80,say_anything,106
80,sia,43
80,stars,54
80,sufjan_stevens,75
80,suzanne_vega,25
80,the_format,25
80,the_get_up_kids,85
80,the_hush_sound,36
80,the_killers,26
80,the_knife,246
80,the_lucksmiths,33
80,the_magnetic_fields,25
80,the_weakerthans,54
80,turin_brakes,41
80,van_morrison,44
81,akon,241
81,avril_lavigne,135
81,backstreet_boys,134
81,bee_gees,130
81,black_eyed_peas,71
81,blue,152
81,bon_jovi,82
81,boyzone,325
81,caesars,172
81,daniel_powter,441
81,f.i.r.,111
81,fort_minor,186
81,jack_johnson,61
81,katy_perry,198
81,kevin_rudolf,85
81,lee_ryan,163
81,lily_allen,258
81,linkin_park,139
81,mc_hotdog,105
81,melinda_doolittle,61
81,olivia,277
81,ost,185
81,ronan_keating,112
81,skye_sweetnam,58
81,susan_wong,87
81,take_that,287
81,tension,88
81,the_killers,57
82,andy_caldwell,65
82,aquanote,103
82,atjazz,121
82,audio_soul_project,55
82,ben_watt,76
82,blackjoy,58
82,blaze,118
82,blue_six,58
82,central_living,37
82,crazy_penis,50
82,d-flame,75
82,danny_stott,39
82,dj_sneak,51
82,ernesto,39
82,ferdy_&_edwin_mulder,50
82,fred_everything,148
82,glenn_underground,87
82,h.o.s.h.,32
82,ian_pooley,35
82,inland_knights,102
82,jamie_anderson,55
82,jimpster,360
82,justin_martin,63
82,kerri_chandler,268
82,king_britt,132
82,king_kooba,80
82,kings_of_tomorrow,68
82,lisa_shaw,35
82,lustral,58
82,magik_johnson,50
82,miguel_migs,332
82,mr._v,114
82,nadirah_shakoor,53
82,nagano_kitchen,56
82,nick_holder,131
82,offer_nissim,40
82,osunlade,138
82,peace_division,35
82,peter_rauhofer,64
82,quentin_harris,44
82,schmoov!,46
82,scott_grooves,93
82,shur-i-kan,45
82,spirit_catcher,34
82,swell_session,59
82,tek_9,59
82,the_messenger,39
82,the_rurals,790
82,the_sunburst_band,32
82,trackheadz,103
83,a-ha,101
83,aaliyah,89
83,aaron_neville,63
83,ac,44
83,ace_of_base,112
83,alabama,55
83,alison_krauss,45
83,ambulance_ltd,128
83,animal_collective,67
83,another_bad_creation,101
83,arcade_fire,117
83,beastie_boys,123
83,beck,152
83,belle_and_sebastian,65
83,ben_folds,65
83,bobby_bare_jr.,68
83,camera_obscura,77
83,cat_power,72
83,clem_snide,101
83,coldplay,95
83,cut_copy,95
83,dr._dog,122
83,elizabeth_mitchell,331
83,elvis_costello,64
83,fleetwood_mac,105
83,girl_talk,174
83,gnarls_barkley,72
83,grateful_dead,143
83,guns_n'_roses,89
83,heartless_bastards,45
83,hinder,98
83,huey_lewis_&_the_news,88
83,joe_strummer_and_the_mescaleros,62
83,johnny_cash,96
83,jojo,137
83,kanye_west,52
83,kelly_clarkson,94
83,kings_of_leon,154
83,little_feat,43
83,los_campesinos!,75
83,marky_mark_&_the_funky_bunch,85
83,midlake,48
83,modest_mouse,64
83,my_morning_jacket,154
83,notorious_b.i.g._feat_puff_daddy_and_ma$e,68
83,pavement,68
83,phish,188
83,quad_city_dj's,82
83,radiohead,46
83,real_mccoy,87
83,roxette,168
83,smoking_popes,66
83,stars,44
83,stevie_nicks,106
83,sufjan_stevens,88
83,super_furry_animals,77
83,tapes_n_tapes,45
83,ted_leo_and_the_pharmacists,87
83,the_band,85
83,the_beatles,82
83,the_broken_west,76
83,the_decemberists,106
83,the_del_mccoury_band,77
83,the_delgados,104
83,the_flaming_lips,47
83,the_frames,141
83,the_go!_team,58
83,the_national,71
83,the_shins,52
83,the_stills,93
83,tlc,102
83,ween,134
83,white_denim,69
83,wilco,110
84,aerosmith,41
84,air,115
84,beth_orton,111
84,bill_callahan,131
84,billy_bragg,116
84,billy_bragg_&_wilco,54
84,blondie,37
84,bruce_springsteen,91
84,clare_bowditch,61
84,clouds,27
84,crowded_house,49
84,dan_brodie_&_the_broken_arrows,44
84,david_mccomb,25
84,dionne_warwick,57
84,dr._hook,26
84,duran_duran,64
84,elvis_presley,322
84,fleetwood_mac,96
84,gillian_welch,49
84,great_lake_swimmers,36
84,johnny_cash,468
84,leonard_cohen,149
84,lily_allen,116
84,lisa_miller,88
84,mental_as_anything,37
84,michael_franti_&_spearhead,37
84,neil_diamond,60
84,neko_case,165
84,neko_case_and_her_boyfriends,41
84,new_order,133
84,nick_cave_and_the_bad_seeds,44
84,paul_kelly,64
84,paul_kelly_and_the_coloured_girls,49
84,pixies,41
84,portishead,68
84,reel_big_fish,43
84,richard_hawley,34
84,rockbottom_james_&_the_detonators,177
84,rocky_burnette,45
84,sam_&_dave,43
84,sam_baker,62
84,smog,35
84,spandau_ballet,60
84,steve_earle,224
84,steve_earle_&_the_del_mccoury_band,60
84,steve_earle_&_the_dukes,38
84,stevie_ray_vaughan_and_double_trouble,38
84,tex_don_&_charlie,73
84,tex_perkins,46
84,the_beach_boys,36
84,the_beatles,115
84,the_doors,37
84,the_jam,35
84,the_jesus_and_mary_chain,88
84,the_new_pornographers,49
84,the_triffids,51
84,tom_petty,85
84,tramp_attack,42
84,uncle_tupelo,96
84,underground_lovers,39
85,badly_drawn_boy,134
85,basement_jaxx,119
85,beck,181
85,cake,106
85,coldplay,125
85,dave_matthews_band,123
85,depeche_mode,141
85,devo,268
85,eels,139
85,elvis_presley,195
85,fatboy_slim,172
85,harry_connick_jr.,154
85,inxs,185
85,james,180
85,kasabian,113
85,led_zeppelin,134
85,marvin_gaye,121
85,matthew_sweet,163
85,morrissey,170
85,muddy_waters,140
85,nat_king_cole,230
85,new_order,226
85,oingo_boingo,129
85,orchestral_manoeuvres_in_the_dark,175
85,paul_mccartney_&_wings,123
85,pet_shop_boys,167
85,prince,143
85,r.e.m.,169
85,reigning_sound,142
85,simple_minds,119
85,spitting_nickels,319
85,stevie_wonder,315
85,sugababes,167
85,talking_heads,207
85,texas,160
85,the_b-52s,161
85,the_beatles,615
85,the_clash,156
85,the_cure,172
85,the_dandy_warhols,735
85,the_detroit_cobras,451
85,the_pretenders,169
85,the_rolling_stones,264
85,the_sights,295
85,the_smiths,221
85,the_stone_roses,428
85,the_temptations,227
85,the_the,245
85,the_white_stripes,194
85,the_who,209
85,they_might_be_giants,108
85,thomas_dolby,228
85,u2,226
86,air,128
86,alicia_keys,60
86,amos_lee,302
86,asobi_seksu,87
86,band_of_horses,66
86,bob_dylan,389
86,bruce_springsteen,357
86,buena_vista_social_club,88
86,coldplay,107
86,counting_crows,152
86,cut_copy,219
86,death_cab_for_cutie,94
86,deep_dish,96
86,eddie_vedder,155
86,feist,99
86,gabriel_&_dresden,436
86,gangstagrass,47
86,gipsy_kings,51
86,girl_talk,227
86,green_day,179
86,guster,91
86,incubus,89
86,kanye_west,65
86,led_zeppelin,68
86,manic_street_preachers,79
86,mgmt,93
86,moby,71
86,modest_mouse,69
86,my_morning_jacket,55
86,new_order,146
86,okkervil_river,77
86,outkast,59
86,paul_simon,132
86,pete_yorn,247
86,r.e.m.,76
86,radiohead,609
86,red_hot_chili_peppers,162
86,silverchair,47
86,the_brian_jonestown_massacre,107
86,the_cure,83
86,the_jesus_and_mary_chain,102
86,the_killers,79
86,the_national,142
86,the_offspring,52
86,the_rolling_stones,214
86,the_roots,84
86,the_shins,173
86,the_smashing_pumpkins,88
86,the_smiths,102
86,the_who,115
86,tom_petty,75
86,tom_petty_and_the_heartbreakers,95
86,u2,140
87,2pac,3
87,absolute_beginner,29
87,afrob,10
87,badesalz,4
87,beastie_boys,7
87,beginner,6
87,black_tiger,3
87,blumentopf,63
87,clueso,64
87,curse,7
87,cypress_hill,5
87,deichkind,32
87,dendemann,24
87,denyo,6
87,die_fantastischen_vier,37
87,dj_friction,5
87,dj_koze,6
87,dmx,9
87,dynamite_deluxe,20
87,eins_zwo,14
87,eminem,11
87,ferris_mc,42
87,fettes_brot,14
87,franky_kubrick,3
87,freundeskreis,48
87,fugees,9
87,fünf_sterne_deluxe,59
87,harris,4
87,hausmarke,5
87,helge_schneider,54
87,jan_delay,7
87,johann_wolfgang_von_goethe,5
87,josef_hader,30
87,kool_savas,6
87,ludacris,6
87,main_concept,3
87,massive_töne,3
87,missy_elliott,3
87,ms._dynamite,3
87,murphy_lee,3
87,nico_suave,11
87,ol_dirty_bastard,3
87,olli_banjo,33
87,otto_waalkes,4
87,outkast,4
87,roey_marquis_ii.,7
87,samy_deluxe,21
87,seeed,4
87,south_park,12
87,too_strong,3
87,turntablerocker,5
88,air,84
88,antony_and_the_johnsons,28
88,arab_strap,7
88,beck,15
88,beirut,9
88,beth_gibbons,35
88,bill_withers,55
88,björk,29
88,blind_willie_johnson,18
88,blink-182,10
88,blonde_redhead,33
88,bob_dylan,30
88,bob_marley_&_the_wailers,8
88,bobby_vinton,13
88,caetano_veloso,14
88,cibo_matto,23
88,colder,8
88,compay_segundo,17
88,cornelius,41
88,david_bowie,104
88,depeche_mode,45
88,devendra_banhart,49
88,dj_shadow,21
88,einstürzende_neubauten,106
88,emilíana_torrini,47
88,fabrizio_de_andré,10
88,friendly_fires,78
88,grateful_dead,31
88,hope_sandoval_&_the_warm_inventions,56
88,jefferson_airplane,60
88,jimmy_smith,14
88,john_cale,8
88,john_coltrane,36
88,johnny_cash,47
88,jouko_harjanne,35
88,joão_gilberto,53
88,kate_bush,25
88,kings_of_leon,10
88,laika,40
88,lamb,8
88,lambchop,8
88,laurie_anderson,59
88,lhasa_de_sela,31
88,lightnin_hopkins,8
88,lou_reed,9
88,louis_prima,10
88,massive_attack,9
88,morcheeba,58
88,mose_allison,10
88,nature_ambience,10
88,nature_sounds,9
88,neil_young,64
88,neil_young_&_crazy_horse,8
88,nick_cave_and_the_bad_seeds,23
88,nick_drake,35
88,patti_smith,42
88,pink_martini,50
88,pizzicato_five,21
88,pj_harvey,394
88,portishead,63
88,pram,91
88,queens_of_the_stone_age,11
88,radiohead,201
88,rob_zombie,15
88,sia,36
88,silje_nes,59
88,sparklehorse,86
88,stereolab,22
88,t._rex,82
88,terry_reid,34
88,the_dave_brubeck_quartet,64
88,the_jon_spencer_blues_explosion,11
88,the_paul_butterfield_blues_band,8
88,the_velvet_underground,29
88,thom_yorke,17
88,tom_waits,40
88,tujiko_noriko,28
88,tunng,44
88,u2,16
88,van_morrison,8
88,world_tribe,63
88,zakir_hussain,56
88,zero_7,182
89,a_change_of_pace,130
89,as_i_lay_dying,684
89,atreyu,426
89,bullet_for_my_valentine,306
89,cartel,207
89,celldweller,104
89,children_of_bodom,48
89,david_guetta,104
89,dead_by_april,399
89,deathstars,81
89,destroy_the_runner,49
89,disturbed,220
89,eminem,49
89,gigi_dagostino,89
89,godhead,66
89,ground_zero,59
89,guru_josh_project,50
89,haste_the_day,377
89,inhale_exhale,174
89,it_dies_today,123
89,karpe_diem,256
89,killswitch_engage,154
89,nightrage,66
89,noize_suppressor,64
89,overseer,47
89,papa_roach,150
89,parkway_drive,172
89,rammstein,114
89,rapture,43
89,raunchy,94
89,rise_against,63
89,saliva,134
89,scar_symmetry,81
89,sea_of_treachery,106
89,seigmen,58
89,sevendust,49
89,silent_civilian,120
89,skillet,489
89,spyro,45
89,still_remains,70
89,sum_41,100
89,the_prodigy,76
89,the_used,142
89,trapt,96
89,trivium,85
90,agnostic_front,3
90,all_that_remains,2
90,amon_amarth,8
90,annihilator,4
90,anthrax,75
90,anthrax_-,2
90,bathory,8
90,cannibal_corpse,15
90,carnivore,4
90,crumbsuckers,8
90,d.r.i.,5
90,dark_angel,2
90,demolition_hammer,4
90,desaster,3
90,destruction,49
90,exodus,55
90,gama_bomb,10
90,gammacide,2
90,gwar,6
90,heathen,3
90,hirax,4
90,holy_moses,25
90,kreator,9
90,madball,6
90,manowar,4
90,misfits,31
90,motörhead,2
90,municipal_waste,18
90,nevermore,4
90,nuclear_assault,23
90,pantera,3
90,possessed,10
90,ratos_de_porão,5
90,s.o.d.,14
90,sacred_reich,7
90,sepultura,9
90,sodom,15
90,suicidal_tendencies,5
90,tankard,27
90,testament,2
90,ulver,3
90,unleashed,2
90,vio-lence,9
90,violent_force,2
90,Áspid,3
91,12_stones,107
91,30_seconds_to_mars,75
91,3_doors_down,105
91,3oh!3,114
91,avril_lavigne,79
91,bethany_joy_lenz,64
91,breaking_benjamin,80
91,clueso,101
91,daughtry,98
91,deichkind,60
91,die_toten_hosen,52
91,falling_up,97
91,firstclass,68
91,fm_static,134
91,foo_fighters,102
91,goo_goo_dolls,54
91,good_charlotte,84
91,green_day,101
91,hinder,50
91,hoobastank,70
91,imogen_heap,61
91,jack's_mannequin,56
91,jimmy_eat_world,80
91,kate_voegele,200
91,kelly_clarkson,67
91,lena,97
91,linkin_park,83
91,lostprophets,155
91,maroon_5,108
91,oasis,69
91,one_tree_hill,215
91,papa_roach,92
91,placebo,82
91,revolverheld,75
91,silbermond,112
91,simple_plan,186
91,staind,62
91,stone_sour,108
91,story_of_the_year,65
91,sum_41,167
91,switchfoot,123
91,the_all-american_rejects,157
91,the_fray,75
91,the_red_jumpsuit_apparatus,52
91,the_summer_obsession,84
91,theory_of_a_deadman,90
91,this_beautiful_republic,137
91,three_days_grace,69
91,trapt,169
91,yellowcard,137
92,65daysofstatic,59
92,above_&_beyond,86
92,aphex_twin,83
92,aphrodite,54
92,aquasky,76
92,blue_man_group,213
92,bluetech,93
92,burial,86
92,coldplay,162
92,commix,70
92,depeche_mode,112
92,desimal,77
92,dj_groove,82
92,dj_iridium,114
92,enter_shikari,67
92,flёur,229
92,fort_minor,55
92,future_prophecies,76
92,in_extremo,254
92,kosheen,53
92,koЯn,96
92,ladytron,173
92,london_elektricity,157
92,phoneheads,252
92,schandmaul,350
92,seba,332
92,seba_&_paradox,76
92,serj_tankian,71
92,slipknot,63
92,slow_train_soul,177
92,stim_axel,114
92,talvin_singh,166
92,the_crystal_method,156
92,the_prodigy,64
92,the_string_quartet,171
92,twelve_girls_band,68
92,uttara-kuru,87
93,3_doors_down,267
93,[unknown],268
93,almora,150
93,anathema,680
93,apocalyptica,541
93,aslı,357
93,avril_lavigne,174
93,backstreet_boys,323
93,badem,228
93,bulutsuzluk_Özlemi,308
93,cascada,176
93,duman,1538
93,düş_sokağı_sakinleri,520
93,feridun_düzağaç,168
93,green_day,138
93,haluk_levent,323
93,hayko_cepkin,520
93,james_blunt,335
93,jennifer_lopez,261
93,kelly_clarkson,362
93,kenan_doğulu,376
93,kiraç_&_funda_arar_-_www.catlaemi.net,162
93,kıraç,254
93,leman_sam,173
93,levent_yüksel,150
93,limp_bizkit,230
93,linkin_park,428
93,metallica,476
93,mor_ve_Ötesi,364
93,nev,247
93,nilüfer,162
93,pinhani,179
93,rafet_el_roman,384
93,red_hot_chili_peppers,192
93,serdar_ortaç,191
93,sertab_erener,263
93,sezen_aksu,436
93,tarkan,487
93,teoman,753
93,yalın,223
93,yann_tiersen,493
93,yansımalar,332
93,yaşar,667
93,yeni_türkü,336
93,zÜlfÜ_lİvanelİ,145
93,Çelik,348
93,Çilekeş,163
93,Özlem_tekin,573
93,İlhan_İrem,158
93,Şebnem_ferah,1567
94,ac/dc,29
94,buckethead,2
94,böhse_onkelz,153
94,cannibal_corpse,42
94,cemetary,1
94,cryptic_slaughter,1
94,d.i.,2
94,d.r.i.,1
94,dale_watson,5
94,deep_purple,22
94,devourment,5
94,dick_maas,3
94,dire_straits,5
94,giorgio_moroder,9
94,harold_faltermeyer,1
94,herb_alpert,2
94,iron_maiden,49
94,janet_jackson,2
94,jerry_reed,1
94,jimi_hendrix,29
94,joe_satriani,2
94,johnny_cash,1
94,kenny_rogers,1
94,kevin_chalfant,2
94,led_zeppelin,3
94,little_richard,4
94,metallica,103
94,michael_jackson,99
94,morbid_angel,1
94,mulehead,11
94,origin,1
94,paul_hertzog,8
94,queen,3
94,rammstein,68
94,robin_zander,3
94,sammy_hagar,1
94,six_feet_under,63
94,slayer,84
94,symphony_x,36
94,the_countdown_singers,7
94,the_immortals,1
94,the_prodigy,1
94,the_string-a-longs,15
94,the_trashmen,1
94,van_halen,26
94,vio-lence,1
94,yngwie_j._malmsteen's_rising_force,1
94,yngwie_malmsteen,3
94,zz_top,11
95,65daysofstatic,208
95,aereogramme,240
95,alina_orlova,468
95,anna_ternheim,93
95,arab_strap,108
95,bauhaus,134
95,becky_filip,75
95,beirut,170
95,blink-182,215
95,blonde_redhead,168
95,by_the_end_of_tonight,97
95,carla_bruni,501
95,clann_zú,123
95,dear_euphoria,331
95,enon,84
95,feverdream,127
95,first_aid_kit,85
95,future_of_the_left,61
95,god_is_an_astronaut,123
95,hello_saferide,122
95,hellogoodbye,72
95,heroin_and_your_veins,114
95,husky_rescue,96
95,if_these_trees_could_talk,66
95,iron_&_wine,112
95,joy_division,287
95,klaxons,66
95,lack,104
95,maybeshewill,139
95,mclusky,169
95,metric,123
95,mew,130
95,my_little_airport,229
95,nirvana,170
95,oceansize,118
95,patrick_wolf,237
95,placebo,268
95,q_and_not_u,81
95,rachael_yamagata,107
95,radiohead,81
95,ray_lamontagne,85
95,regina_spektor,152
95,reuben,791
95,saltillo,73
95,shooting_at_unarmed_men,81
95,sigur_rós,125
95,soko,882
95,sounds_like_violence,382
95,sunshine,117
95,taking_back_sunday,126
95,ten_in_the_swear_jar,64
95,the_ataris,967
95,the_cure,330
95,the_fray,93
95,the_paper_chase,1796
95,the_shins,86
95,the_smashing_pumpkins,593
95,underoath,154
95,xiu_xiu,274
95,yann_tiersen,868
95,yeah_yeah_yeahs,136
95,you_slut!,133
95,АукцЫон,152
96,adele,294
96,arctic_monkeys,442
96,beatsteaks,154
96,billy_talent,86
96,cajun_dance_party,209
96,canterbury,113
96,clueso,82
96,duffy,95
96,eight_legs,137
96,good_shoes,96
96,hard-fi,110
96,incubus,96
96,jamie_t,188
96,johnossi,112
96,kate_nash,665
96,kilians,447
96,kings_of_leon,171
96,klaxons,100
96,ladyhawke,94
96,laura_marling,228
96,lily_allen,134
96,lykke_li,378
96,mando_diao,98
96,maxïmo_park,121
96,mgmt,88
96,mia.,111
96,molotov_jive,110
96,mystery_jets,323
96,nada_surf,79
96,operator_please,304
96,paolo_nutini,187
96,phoenix,180
96,razorlight,94
96,santogold,83
96,sugarplum_fairy,124
96,tegan_and_sara,271
96,tellison,434
96,the_films,131
96,the_fratellis,201
96,the_kooks,1416
96,the_last_shadow_puppets,76
96,the_maccabees,187
96,the_pigeon_detectives,99
96,the_pipettes,105
96,the_rifles,218
96,the_ting_tings,244
96,the_view,241
96,the_wombats,106
96,those_dancing_days,418
97,30_seconds_to_mars,67
97,51koodia,65
97,boy_kill_boy,54
97,boys_like_girls,61
97,deep_insight,68
97,disco_ensemble,51
97,evanescence,61
97,feeder,40
97,good_charlotte,62
97,goodbooks,46
97,guillemots,48
97,hoobastank,68
97,irina,57
97,kaiser_chiefs,55
97,kasabian,49
97,killer,67
97,lapko,63
97,little_man_tate,40
97,lovex,73
97,maxïmo_park,85
97,neljä_ruusua,76
97,newton_faulkner,42
97,olavi_uusivirta,62
97,onar,61
97,one_night_only,56
97,orson,46
97,pmmp,71
97,poets_of_the_fall,72
97,razorlight,57
97,reamonn,46
97,scouting_for_girls,57
97,simple_plan,46
97,sugarplum_fairy,41
97,sunrise_avenue,41
97,switches,55
97,the_all-american_rejects,73
97,the_automatic,54
97,the_feeling,56
97,the_fratellis,58
97,the_hoosiers,72
97,the_kooks,48
97,the_pigeon_detectives,48
97,the_rasmus,92
97,the_view,47
97,the_zutons,59
97,three_days_grace,73
97,tiktak,71
97,tokio_hotel,52
97,uniklubi,88
98,3_doors_down,3
98,3js,4
98,anathema,6
98,beef,3
98,belle_and_sebastian,6
98,boris,3
98,boudewijn_de_groot,3
98,cage_the_elephant,17
98,cliff_richards/the_young_ones,3
98,de_dijk,4
98,dio,3
98,duffy,3
98,eels,15
98,elbow,18
98,fleet_foxes,22
98,franz_ferdinand,11
98,hall_&_oates,4
98,het_goede_doel,16
98,ikon_pastoraat,6
98,interpol,3
98,inxs,7
98,jack_johnson,4
98,josé_gonzález,4
98,kaiser_chiefs,17
98,klein_orkest,4
98,mark_ronson,12
98,motörhead,5
98,novastar,11
98,pater_moeskroen,3
98,pete_philly_&_perquisite,7
98,pixies,3
98,polarkreis_18,3
98,r.e.m.,4
98,radiohead,6
98,rigby,4
98,sigur_rós,4
98,soundgarden,4
98,the_asteroids_galaxy_tour,5
98,the_beatles,37
98,the_cure,15
98,the_doors,3
98,the_killers,3
98,the_kooks,6
98,the_libertines,8
98,the_partysquad,5
98,the_rolling_stones,4
99,air,88
99,amy_winehouse,84
99,beck,127
99,ben_harper,53
99,bloc_party,323
99,bonobo,74
99,brooke_fraser,81
99,café_del_mar,50
99,chris_tomlin,154
99,coldplay,246
99,counting_crows,141
99,david_crowder_band,157
99,death_cab_for_cutie,75
99,delirious?,68
99,doves,59
99,emmanuel_jal,57
99,enigma,48
99,feist,55
99,get_cape._wear_cape._fly,47
99,goldfrapp,47
99,hillsong,355
99,hillsong_london,96
99,hillsong_united,225
99,ian_brown,81
99,jack_johnson,72
99,jackie_mittoo,59
99,kings_of_leon,187
99,kruder_&_dorfmeister,52
99,lucky_dube,48
99,ludovico_einaudi,136
99,matisyahu,58
99,nouvelle_vague,91
99,oasis,85
99,pixies,45
99,portishead,61
99,r.e.m.,52
99,radiohead,53
99,sia,102
99,the_black_keys,71
99,the_cure,79
99,the_go!_team,58
99,the_john_butler_trio,57
99,the_kooks,107
99,the_polyphonic_spree,77
99,the_prodigy,60
99,the_roots,165
99,tree63,164
99,u2,110
